[debug] [2025-11-20T22:58:44.468Z] ----------------------------------------------------------------------
[debug] [2025-11-20T22:58:44.471Z] Command:       /nix/store/ixbb20farqh1f4fqbmsn6b1ixn8mc8ij-nodejs-20.18.1/bin/node /home/user/.global_modules/bin/firebase deploy
[debug] [2025-11-20T22:58:44.471Z] CLI Version:   14.25.1
[debug] [2025-11-20T22:58:44.471Z] Platform:      linux
[debug] [2025-11-20T22:58:44.471Z] Node Version:  v20.18.1
[debug] [2025-11-20T22:58:44.471Z] Time:          Thu Nov 20 2025 22:58:44 GMT+0000 (Coordinated Universal Time)
[debug] [2025-11-20T22:58:44.472Z] ----------------------------------------------------------------------
[debug] 
[debug] [2025-11-20T22:58:44.730Z] Checked if tokens are valid: true, expires at: 1763682771674
[debug] [2025-11-20T22:58:44.731Z] Checked if tokens are valid: true, expires at: 1763682771674
[debug] [2025-11-20T22:58:44.734Z] >>> [apiv2][query] GET https://monospace-pa.googleapis.com/v1/workspaces/skomidora-aiot-29612212 [none]
[debug] [2025-11-20T22:58:45.259Z] <<< [apiv2][status] GET https://monospace-pa.googleapis.com/v1/workspaces/skomidora-aiot-29612212 200
[debug] [2025-11-20T22:58:45.259Z] <<< [apiv2][body] GET https://monospace-pa.googleapis.com/v1/workspaces/skomidora-aiot-29612212 {"workspaceId":"skomidora-aiot-29612212","name":"SkoMiDora-AIoT","workspaceRedirectUrl":"firebase-skomidora-aiot-1763488482243.cluster-lr6dwlc2lzbcctqhqorax5zmro.cloudworkstations.dev","status":"WORKSPACE_STATUS_RUNNING","lastAccessDatetime":"2025-11-20T22:26:00.108816Z","workspaceTemplate":"WORKSPACE_TEMPLATE_FLUTTER","owner":"SELF","serviceAccountEmail":"msp-7062561622066257727@monospace-per-ws-sa-2.iam.gserviceaccount.com","enableNix":true,"ownerEmail":"ValXMachi@gmail.com","templateArgs":"{\"signedUrl\":\"https://monospace-local-import-bucket-us.storage.googleapis.com/skomidora-aiot-29612212-SkoMiDora-AI-Fashion-Advisor-skomidora.zip?X-Goog-Algorithm=GOOG4-RSA-SHA256&X-Goog-Credential=monospace-local-import-manager%40monospace-local-import-bucket.iam.gserviceaccount.com%2F20251118%2Fauto%2Fstorage%2Fgoog4_request&X-Goog-Date=20251118T175440Z&X-Goog-Expires=3600&X-Goog-SignedHeaders=host&x-goog-signature=651d280a5ed93aba08ccbf7997cf24ed8889226c05c30d0d03b86efe6f587a823d14c5a06096f373879ee995265c5a183b588a7a936c9496289d90a39e54bede5ccd3c0cd61998d215bfb91cbfb20cf3b4b35dcb5a773049edec8b49a51214e05ee9dfe22834cdede67ac7097f8a7be6682c70ca8c5200310c01fa8b05c17cd1c34090113ea02aeb557567769c6653df8634e7b2a65563b4dc259acf7850391788baaaa3598db0d373549c8fadc579eea27507a2d29ebe4f7b939733d570a582a086ad2fc5451063bb471aa22fd0b1f01ceee20a88fa63fe00847a4367e0bbe478eddb752dd013e91fd0904f19e0710ed2659bd7b2d8b4717eb8df0b12ec4c13\"}","templateRepoUrl":"file:///usr/local/monospace/templates/private/_local_import","workstationAccessToken":"eyJhbGciOiJSUzI1NiIsInR5cCI6IkpXVCJ9.eyJpc3MiOiJodHRwczovL2Nsb3VkLmdvb2dsZS5jb20vd29ya3N0YXRpb25zIiwiYXVkIjoiZmlyZWJhc2Utc2tvbWlkb3JhLWFpb3QtMTc2MzQ4ODQ4MjI0My5jbHVzdGVyLWxyNmR3bGMybHpiY2N0cWhxb3JheDV6bXJvLmNsb3Vkd29ya3N0YXRpb25zLmRldiIsImlhdCI6MTc2MzY3OTUyNSwiZXhwIjoxNzYzNzY1OTI1fQ.v5nzu5hmQimUmEQib2ihckDhO7YRFZU7p_YzCIKKI9TaehHUVu6ZsmFhA7_qFxEA7AeQk8RRhQEsLzAZELsZ1xPeSQrlwRu_uUGrXCBnoE-FEPjFBNosUtISJGz1UUbJ7PQxDSi8Z4lA2vQstQYn9dxJcf8MqOzeS5wPKGiNkUXBz9TsHR5fwK71THu5DvGpaoQt9MnIrlSve8MCBhLhxhumb1DMbH77CbnpsCgM_FScJA22pD-yzBZeGKV0xbJ9n2RwVm_-kk9KbYOlVC-SWjnvAg6noWDqXieXPEe-36w-YKj7tvZJUqcHrSKgeVR09eyItR9PtDKcOMcCs-xtag","firebaseProjectId":"styleai-footwear"}
[debug] [2025-11-20T22:58:45.261Z] > command requires scopes: ["email","openid","https://www.googleapis.com/auth/cloudplatformprojects.readonly","https://www.googleapis.com/auth/firebase","https://www.googleapis.com/auth/cloud-platform","https://www.googleapis.com/auth/userinfo.email"]
[debug] [2025-11-20T22:58:45.261Z] > authorizing via signed-in user (valxmachi@gmail.com)
[debug] [2025-11-20T22:58:45.261Z] [iam] checking project styleai-footwear for permissions ["cloudfunctions.functions.create","cloudfunctions.functions.delete","cloudfunctions.functions.get","cloudfunctions.functions.list","cloudfunctions.functions.update","cloudfunctions.operations.get","firebase.projects.get","firebasehosting.sites.update",null]
[debug] [2025-11-20T22:58:45.262Z] Checked if tokens are valid: true, expires at: 1763682771674
[debug] [2025-11-20T22:58:45.262Z] Checked if tokens are valid: true, expires at: 1763682771674
[debug] [2025-11-20T22:58:45.262Z] >>> [apiv2][query] POST https://cloudresourcemanager.googleapis.com/v1/projects/styleai-footwear:testIamPermissions [none]
[debug] [2025-11-20T22:58:45.262Z] >>> [apiv2][(partial)header] POST https://cloudresourcemanager.googleapis.com/v1/projects/styleai-footwear:testIamPermissions x-goog-quota-user=projects/styleai-footwear
[debug] [2025-11-20T22:58:45.262Z] >>> [apiv2][body] POST https://cloudresourcemanager.googleapis.com/v1/projects/styleai-footwear:testIamPermissions {"permissions":["cloudfunctions.functions.create","cloudfunctions.functions.delete","cloudfunctions.functions.get","cloudfunctions.functions.list","cloudfunctions.functions.update","cloudfunctions.operations.get","firebase.projects.get","firebasehosting.sites.update",null]}
[debug] [2025-11-20T22:58:45.318Z] <<< [apiv2][status] POST https://cloudresourcemanager.googleapis.com/v1/projects/styleai-footwear:testIamPermissions 200
[debug] [2025-11-20T22:58:45.318Z] <<< [apiv2][body] POST https://cloudresourcemanager.googleapis.com/v1/projects/styleai-footwear:testIamPermissions {"permissions":["cloudfunctions.functions.create","cloudfunctions.functions.delete","cloudfunctions.functions.get","cloudfunctions.functions.list","cloudfunctions.functions.update","cloudfunctions.operations.get","firebase.projects.get","firebasehosting.sites.update"]}
[debug] [2025-11-20T22:58:45.318Z] [iam] error while checking permissions, command may fail: Authorization failed. This account is missing the following required permissions on project styleai-footwear:

  
[debug] [2025-11-20T22:58:45.319Z] Checked if tokens are valid: true, expires at: 1763682771674
[debug] [2025-11-20T22:58:45.319Z] Checked if tokens are valid: true, expires at: 1763682771674
[debug] [2025-11-20T22:58:45.319Z] >>> [apiv2][query] POST https://iam.googleapis.com/v1/projects/styleai-footwear/serviceAccounts/styleai-footwear@appspot.gserviceaccount.com:testIamPermissions [none]
[debug] [2025-11-20T22:58:45.319Z] >>> [apiv2][body] POST https://iam.googleapis.com/v1/projects/styleai-footwear/serviceAccounts/styleai-footwear@appspot.gserviceaccount.com:testIamPermissions {"permissions":["iam.serviceAccounts.actAs"]}
[debug] [2025-11-20T22:58:45.439Z] <<< [apiv2][status] POST https://iam.googleapis.com/v1/projects/styleai-footwear/serviceAccounts/styleai-footwear@appspot.gserviceaccount.com:testIamPermissions 200
[debug] [2025-11-20T22:58:45.439Z] <<< [apiv2][body] POST https://iam.googleapis.com/v1/projects/styleai-footwear/serviceAccounts/styleai-footwear@appspot.gserviceaccount.com:testIamPermissions {"permissions":["iam.serviceAccounts.actAs"]}
[debug] [2025-11-20T22:58:45.440Z] Checked if tokens are valid: true, expires at: 1763682771674
[debug] [2025-11-20T22:58:45.440Z] Checked if tokens are valid: true, expires at: 1763682771674
[debug] [2025-11-20T22:58:45.440Z] >>> [apiv2][query] GET https://firebase.googleapis.com/v1beta1/projects/styleai-footwear [none]
[debug] [2025-11-20T22:58:45.672Z] <<< [apiv2][status] GET https://firebase.googleapis.com/v1beta1/projects/styleai-footwear 200
[debug] [2025-11-20T22:58:45.672Z] <<< [apiv2][body] GET https://firebase.googleapis.com/v1beta1/projects/styleai-footwear {"projectId":"styleai-footwear","projectNumber":"855662411333","displayName":"StyleAI Footwear","name":"projects/styleai-footwear","resources":{"hostingSite":"styleai-footwear","realtimeDatabaseInstance":"styleai-footwear-default-rtdb"},"state":"ACTIVE","etag":"1_5dcd58d3-8bff-45ba-b8aa-8d68ae0b3171"}
[debug] [2025-11-20T22:58:45.674Z] Specified "public" directory "public" does not exist; Deploy to Hosting site "sk-styleai-footwear-us-cen1" may fail or be empty.
[info] 
[info] === Deploying to 'styleai-footwear'...
[info] 
[info] i  deploying functions, hosting, apphosting 
[debug] [2025-11-20T22:58:45.677Z] Checked if tokens are valid: true, expires at: 1763682771674
[debug] [2025-11-20T22:58:45.677Z] Checked if tokens are valid: true, expires at: 1763682771674
[debug] [2025-11-20T22:58:45.677Z] >>> [apiv2][query] GET https://cloudresourcemanager.googleapis.com/v1/projects/styleai-footwear [none]
[debug] [2025-11-20T22:58:45.724Z] <<< [apiv2][status] GET https://cloudresourcemanager.googleapis.com/v1/projects/styleai-footwear 200
[debug] [2025-11-20T22:58:45.724Z] <<< [apiv2][body] GET https://cloudresourcemanager.googleapis.com/v1/projects/styleai-footwear {"projectNumber":"855662411333","projectId":"styleai-footwear","lifecycleState":"ACTIVE","name":"StyleAI Footwear","labels":{"monospace-workspace-id":"studio-01102118","firebase":"enabled","firebase-core":"disabled"},"createTime":"2025-05-13T04:55:59.077570Z"}
[info] i  functions: preparing codebase default for deployment 
[info] i  functions: ensuring required API cloudfunctions.googleapis.com is enabled... 
[info] i  functions: ensuring required API cloudbuild.googleapis.com is enabled... 
[info] i  artifactregistry: ensuring required API artifactregistry.googleapis.com is enabled... 
[debug] [2025-11-20T22:58:45.727Z] Checked if tokens are valid: true, expires at: 1763682771674
[debug] [2025-11-20T22:58:45.727Z] Checked if tokens are valid: true, expires at: 1763682771674
[debug] [2025-11-20T22:58:45.727Z] >>> [apiv2][query] GET https://firebase.googleapis.com/v1beta1/projects/styleai-footwear/adminSdkConfig [none]
[debug] [2025-11-20T22:58:45.939Z] <<< [apiv2][status] GET https://firebase.googleapis.com/v1beta1/projects/styleai-footwear/adminSdkConfig 200
[debug] [2025-11-20T22:58:45.939Z] <<< [apiv2][body] GET https://firebase.googleapis.com/v1beta1/projects/styleai-footwear/adminSdkConfig {"projectId":"styleai-footwear","databaseURL":"https://styleai-footwear-default-rtdb.firebaseio.com","storageBucket":"styleai-footwear.firebasestorage.app"}
[debug] [2025-11-20T22:58:45.940Z] Checked if tokens are valid: true, expires at: 1763682771674
[debug] [2025-11-20T22:58:45.940Z] Checked if tokens are valid: true, expires at: 1763682771674
[debug] [2025-11-20T22:58:45.940Z] >>> [apiv2][query] GET https://runtimeconfig.googleapis.com/v1beta1/projects/styleai-footwear/configs [none]
[debug] [2025-11-20T22:58:46.029Z] <<< [apiv2][status] GET https://runtimeconfig.googleapis.com/v1beta1/projects/styleai-footwear/configs 200
[debug] [2025-11-20T22:58:46.030Z] <<< [apiv2][body] GET https://runtimeconfig.googleapis.com/v1beta1/projects/styleai-footwear/configs {"configs":[{"name":"projects/styleai-footwear/configs/defaults"},{"name":"projects/styleai-footwear/configs/google"},{"name":"projects/styleai-footwear/configs/nextjs"},{"name":"projects/styleai-footwear/configs/storage"},{"name":"projects/styleai-footwear/configs/wardrobe"},{"name":"projects/styleai-footwear/configs/accuweather"},{"name":"projects/styleai-footwear/configs/app"}]}
[debug] [2025-11-20T22:58:46.030Z] Checked if tokens are valid: true, expires at: 1763682771674
[debug] [2025-11-20T22:58:46.030Z] Checked if tokens are valid: true, expires at: 1763682771674
[debug] [2025-11-20T22:58:46.030Z] Checked if tokens are valid: true, expires at: 1763682771674
[debug] [2025-11-20T22:58:46.030Z] Checked if tokens are valid: true, expires at: 1763682771674
[debug] [2025-11-20T22:58:46.031Z] Checked if tokens are valid: true, expires at: 1763682771674
[debug] [2025-11-20T22:58:46.031Z] Checked if tokens are valid: true, expires at: 1763682771674
[debug] [2025-11-20T22:58:46.031Z] Checked if tokens are valid: true, expires at: 1763682771674
[debug] [2025-11-20T22:58:46.031Z] Checked if tokens are valid: true, expires at: 1763682771674
[debug] [2025-11-20T22:58:46.031Z] Checked if tokens are valid: true, expires at: 1763682771674
[debug] [2025-11-20T22:58:46.031Z] Checked if tokens are valid: true, expires at: 1763682771674
[debug] [2025-11-20T22:58:46.031Z] Checked if tokens are valid: true, expires at: 1763682771674
[debug] [2025-11-20T22:58:46.031Z] Checked if tokens are valid: true, expires at: 1763682771674
[debug] [2025-11-20T22:58:46.031Z] Checked if tokens are valid: true, expires at: 1763682771674
[debug] [2025-11-20T22:58:46.031Z] Checked if tokens are valid: true, expires at: 1763682771674
[debug] [2025-11-20T22:58:46.031Z] >>> [apiv2][query] GET https://runtimeconfig.googleapis.com/v1beta1/projects/styleai-footwear/configs/defaults/variables [none]
[debug] [2025-11-20T22:58:46.032Z] >>> [apiv2][query] GET https://runtimeconfig.googleapis.com/v1beta1/projects/styleai-footwear/configs/google/variables [none]
[debug] [2025-11-20T22:58:46.033Z] >>> [apiv2][query] GET https://runtimeconfig.googleapis.com/v1beta1/projects/styleai-footwear/configs/nextjs/variables [none]
[debug] [2025-11-20T22:58:46.034Z] >>> [apiv2][query] GET https://runtimeconfig.googleapis.com/v1beta1/projects/styleai-footwear/configs/storage/variables [none]
[debug] [2025-11-20T22:58:46.036Z] >>> [apiv2][query] GET https://runtimeconfig.googleapis.com/v1beta1/projects/styleai-footwear/configs/wardrobe/variables [none]
[debug] [2025-11-20T22:58:46.037Z] >>> [apiv2][query] GET https://runtimeconfig.googleapis.com/v1beta1/projects/styleai-footwear/configs/accuweather/variables [none]
[debug] [2025-11-20T22:58:46.038Z] >>> [apiv2][query] GET https://runtimeconfig.googleapis.com/v1beta1/projects/styleai-footwear/configs/app/variables [none]
[debug] [2025-11-20T22:58:46.074Z] <<< [apiv2][status] GET https://runtimeconfig.googleapis.com/v1beta1/projects/styleai-footwear/configs/app/variables 200
[debug] [2025-11-20T22:58:46.074Z] <<< [apiv2][body] GET https://runtimeconfig.googleapis.com/v1beta1/projects/styleai-footwear/configs/app/variables {"variables":[{"name":"projects/styleai-footwear/configs/app/variables/admin_project_id","updateTime":"2025-10-09T17:34:59.902896433Z"},{"name":"projects/styleai-footwear/configs/app/variables/private_key","updateTime":"2025-10-08T22:25:47.224126352Z"},{"name":"projects/styleai-footwear/configs/app/variables/admin_client_email","updateTime":"2025-10-09T17:35:04.165222201Z"}]}
[debug] [2025-11-20T22:58:46.074Z] Checked if tokens are valid: true, expires at: 1763682771674
[debug] [2025-11-20T22:58:46.074Z] Checked if tokens are valid: true, expires at: 1763682771674
[debug] [2025-11-20T22:58:46.074Z] Checked if tokens are valid: true, expires at: 1763682771674
[debug] [2025-11-20T22:58:46.075Z] Checked if tokens are valid: true, expires at: 1763682771674
[debug] [2025-11-20T22:58:46.075Z] Checked if tokens are valid: true, expires at: 1763682771674
[debug] [2025-11-20T22:58:46.075Z] Checked if tokens are valid: true, expires at: 1763682771674
[debug] [2025-11-20T22:58:46.075Z] >>> [apiv2][query] GET https://runtimeconfig.googleapis.com/v1beta1/projects/styleai-footwear/configs/app/variables/admin_project_id [none]
[debug] [2025-11-20T22:58:46.075Z] >>> [apiv2][query] GET https://runtimeconfig.googleapis.com/v1beta1/projects/styleai-footwear/configs/app/variables/private_key [none]
[debug] [2025-11-20T22:58:46.077Z] >>> [apiv2][query] GET https://runtimeconfig.googleapis.com/v1beta1/projects/styleai-footwear/configs/app/variables/admin_client_email [none]
[debug] [2025-11-20T22:58:46.108Z] <<< [apiv2][status] GET https://runtimeconfig.googleapis.com/v1beta1/projects/styleai-footwear/configs/google/variables 200
[debug] [2025-11-20T22:58:46.108Z] <<< [apiv2][body] GET https://runtimeconfig.googleapis.com/v1beta1/projects/styleai-footwear/configs/google/variables {"variables":[{"name":"projects/styleai-footwear/configs/google/variables/client_id","updateTime":"2025-07-20T13:24:56.697851666Z"},{"name":"projects/styleai-footwear/configs/google/variables/client_secret","updateTime":"2025-07-20T13:24:56.727307938Z"},{"name":"projects/styleai-footwear/configs/google/variables/clientt_secret","updateTime":"2025-07-13T12:40:55.563915329Z"},{"name":"projects/styleai-footwear/configs/google/variables/clinet_secret","updateTime":"2025-07-14T01:49:39.819268832Z"},{"name":"projects/styleai-footwear/configs/google/variables/api_key","updateTime":"2025-10-07T16:48:47.747340102Z"}]}
[debug] [2025-11-20T22:58:46.108Z] Checked if tokens are valid: true, expires at: 1763682771674
[debug] [2025-11-20T22:58:46.108Z] Checked if tokens are valid: true, expires at: 1763682771674
[debug] [2025-11-20T22:58:46.108Z] Checked if tokens are valid: true, expires at: 1763682771674
[debug] [2025-11-20T22:58:46.108Z] Checked if tokens are valid: true, expires at: 1763682771674
[debug] [2025-11-20T22:58:46.108Z] Checked if tokens are valid: true, expires at: 1763682771674
[debug] [2025-11-20T22:58:46.108Z] Checked if tokens are valid: true, expires at: 1763682771674
[debug] [2025-11-20T22:58:46.108Z] Checked if tokens are valid: true, expires at: 1763682771674
[debug] [2025-11-20T22:58:46.108Z] Checked if tokens are valid: true, expires at: 1763682771674
[debug] [2025-11-20T22:58:46.109Z] Checked if tokens are valid: true, expires at: 1763682771674
[debug] [2025-11-20T22:58:46.109Z] Checked if tokens are valid: true, expires at: 1763682771674
[debug] [2025-11-20T22:58:46.109Z] >>> [apiv2][query] GET https://runtimeconfig.googleapis.com/v1beta1/projects/styleai-footwear/configs/google/variables/client_id [none]
[debug] [2025-11-20T22:58:46.109Z] >>> [apiv2][query] GET https://runtimeconfig.googleapis.com/v1beta1/projects/styleai-footwear/configs/google/variables/client_secret [none]
[debug] [2025-11-20T22:58:46.110Z] >>> [apiv2][query] GET https://runtimeconfig.googleapis.com/v1beta1/projects/styleai-footwear/configs/google/variables/clientt_secret [none]
[debug] [2025-11-20T22:58:46.110Z] >>> [apiv2][query] GET https://runtimeconfig.googleapis.com/v1beta1/projects/styleai-footwear/configs/google/variables/clinet_secret [none]
[debug] [2025-11-20T22:58:46.110Z] >>> [apiv2][query] GET https://runtimeconfig.googleapis.com/v1beta1/projects/styleai-footwear/configs/google/variables/api_key [none]
[debug] [2025-11-20T22:58:46.111Z] <<< [apiv2][status] GET https://runtimeconfig.googleapis.com/v1beta1/projects/styleai-footwear/configs/accuweather/variables 200
[debug] [2025-11-20T22:58:46.111Z] <<< [apiv2][body] GET https://runtimeconfig.googleapis.com/v1beta1/projects/styleai-footwear/configs/accuweather/variables {"variables":[{"name":"projects/styleai-footwear/configs/accuweather/variables/key","updateTime":"2025-08-28T08:56:22.094782247Z"},{"name":"projects/styleai-footwear/configs/accuweather/variables/apikey","updateTime":"2025-08-15T13:40:04.571459001Z"}]}
[debug] [2025-11-20T22:58:46.112Z] Checked if tokens are valid: true, expires at: 1763682771674
[debug] [2025-11-20T22:58:46.112Z] Checked if tokens are valid: true, expires at: 1763682771674
[debug] [2025-11-20T22:58:46.112Z] Checked if tokens are valid: true, expires at: 1763682771674
[debug] [2025-11-20T22:58:46.112Z] Checked if tokens are valid: true, expires at: 1763682771674
[debug] [2025-11-20T22:58:46.112Z] >>> [apiv2][query] GET https://runtimeconfig.googleapis.com/v1beta1/projects/styleai-footwear/configs/accuweather/variables/key [none]
[debug] [2025-11-20T22:58:46.113Z] >>> [apiv2][query] GET https://runtimeconfig.googleapis.com/v1beta1/projects/styleai-footwear/configs/accuweather/variables/apikey [none]
[debug] [2025-11-20T22:58:46.118Z] <<< [apiv2][status] GET https://runtimeconfig.googleapis.com/v1beta1/projects/styleai-footwear/configs/storage/variables 200
[debug] [2025-11-20T22:58:46.118Z] <<< [apiv2][body] GET https://runtimeconfig.googleapis.com/v1beta1/projects/styleai-footwear/configs/storage/variables {"variables":[{"name":"projects/styleai-footwear/configs/storage/variables/bucket","updateTime":"2025-10-12T21:43:10.311375284Z"}]}
[debug] [2025-11-20T22:58:46.118Z] Checked if tokens are valid: true, expires at: 1763682771674
[debug] [2025-11-20T22:58:46.118Z] Checked if tokens are valid: true, expires at: 1763682771674
[debug] [2025-11-20T22:58:46.118Z] >>> [apiv2][query] GET https://runtimeconfig.googleapis.com/v1beta1/projects/styleai-footwear/configs/storage/variables/bucket [none]
[debug] [2025-11-20T22:58:46.122Z] <<< [apiv2][status] GET https://runtimeconfig.googleapis.com/v1beta1/projects/styleai-footwear/configs/defaults/variables 200
[debug] [2025-11-20T22:58:46.122Z] <<< [apiv2][body] GET https://runtimeconfig.googleapis.com/v1beta1/projects/styleai-footwear/configs/defaults/variables {"variables":[{"name":"projects/styleai-footwear/configs/defaults/variables/location","updateTime":"2025-08-28T08:56:22.685805184Z"}]}
[debug] [2025-11-20T22:58:46.122Z] Checked if tokens are valid: true, expires at: 1763682771674
[debug] [2025-11-20T22:58:46.123Z] Checked if tokens are valid: true, expires at: 1763682771674
[debug] [2025-11-20T22:58:46.123Z] >>> [apiv2][query] GET https://runtimeconfig.googleapis.com/v1beta1/projects/styleai-footwear/configs/defaults/variables/location [none]
[debug] [2025-11-20T22:58:46.126Z] <<< [apiv2][status] GET https://runtimeconfig.googleapis.com/v1beta1/projects/styleai-footwear/configs/nextjs/variables 200
[debug] [2025-11-20T22:58:46.126Z] <<< [apiv2][body] GET https://runtimeconfig.googleapis.com/v1beta1/projects/styleai-footwear/configs/nextjs/variables {"variables":[{"name":"projects/styleai-footwear/configs/nextjs/variables/private_key","updateTime":"2025-10-08T20:23:30.697275211Z"}]}
[debug] [2025-11-20T22:58:46.126Z] Checked if tokens are valid: true, expires at: 1763682771674
[debug] [2025-11-20T22:58:46.126Z] Checked if tokens are valid: true, expires at: 1763682771674
[debug] [2025-11-20T22:58:46.126Z] >>> [apiv2][query] GET https://runtimeconfig.googleapis.com/v1beta1/projects/styleai-footwear/configs/nextjs/variables/private_key [none]
[debug] [2025-11-20T22:58:46.128Z] <<< [apiv2][status] GET https://runtimeconfig.googleapis.com/v1beta1/projects/styleai-footwear/configs/wardrobe/variables 200
[debug] [2025-11-20T22:58:46.128Z] <<< [apiv2][body] GET https://runtimeconfig.googleapis.com/v1beta1/projects/styleai-footwear/configs/wardrobe/variables {"variables":[{"name":"projects/styleai-footwear/configs/wardrobe/variables/collection","updateTime":"2025-08-28T08:56:22.717641312Z"}]}
[debug] [2025-11-20T22:58:46.128Z] Checked if tokens are valid: true, expires at: 1763682771674
[debug] [2025-11-20T22:58:46.128Z] Checked if tokens are valid: true, expires at: 1763682771674
[debug] [2025-11-20T22:58:46.128Z] >>> [apiv2][query] GET https://runtimeconfig.googleapis.com/v1beta1/projects/styleai-footwear/configs/wardrobe/variables/collection [none]
[debug] [2025-11-20T22:58:46.130Z] <<< [apiv2][status] GET https://runtimeconfig.googleapis.com/v1beta1/projects/styleai-footwear/configs/app/variables/private_key 200
[debug] [2025-11-20T22:58:46.130Z] <<< [apiv2][body] GET https://runtimeconfig.googleapis.com/v1beta1/projects/styleai-footwear/configs/app/variables/private_key {"name":"projects/styleai-footwear/configs/app/variables/private_key","updateTime":"2025-10-08T22:25:47.224126352Z","text":"-----BEGIN PRIVATE KEY-----\\nMIIEvQIBADANBgkqhkiG9w0BAQEFAASCBKcwggSjAgEAAoIBAQDMZAlzBsGvERLW\\nSs2AsrT+A4XG77wiCi6xfNbkNknEYHRKdAEAqegAuY6QxsLNZTYsmKxi/ZDOm9KT\\nPdPpW/klHL5BGlV1DvpQrZuWOUZ1lHcS+Wy+Ol0irB49Ww7bM4JqVCER4wNj4/KZ\\nuwxZII5s1JLJITJZPAbW6r5Y+fIIEoQCgF4uuRhH+WSfuIo4654YjlASSSh1jDH4\\nmeu/txevo3DnwO6ecrBYDMP4/a4/MxRc2QJhdMa8Ls8flAssqu5muHQoXt2jKi+l\\ndQ78knldUCNuvt79r1PBe2tw/eDaVECwK+0LoEI9sfCrjpHtqM2cGHu6dvrniM6S\\n3xn//4k9AgMBAAECggEAMtQl7W8et5S9ZIFRvdGzZQAnQqPX23dAyW7MWhCOI8IA\\n6YsTvMCEK7n5lFN5mm6zHEATjsKUQm1J3sgfbQcsXGhbgAE2g1foNCwYZzFzLkZv\\nnk5dFqmZA8hd9NAyT5ztr9egKbyU2UCU0lpL5dZM1Q/AOTiCNuLQqJ3UHHh8Ejlm\\nyHmlwTxO24fvWgGgkq8mzbBJyd7W45Xc/J6BePFvW6+24W1FObXEKocOdRgqf2Ve\\nHxo9gHDwtRGCh3UgSPQFs2jlRttATOKBBEHTGqQFGxHnxj4Nd+3lEmfrRPi8n5YV\\nkKAQvnuj9te7zuiDvEagccgaKialaRT5MT00EnEpgQKBgQDmcR3yUg5TWWSgHiR1\\n2Fc8/WxyrWXGzk8FVSTpa1D+TvANmxwOfRREcBSWFRF5g4EDuXXBaGtggbF+ZNsV\\nY7tHfqQv7bwOQlvyHVXU9b+1yV8Y/oaIUw1D+7uiUCswmFY5nF1hAjpKpB5HnFol\\nzHOZ0HHgwtNBK4O9xNGjFRiILQKBgQDjD0HXKVGEoNEaDMMxXkpnwLP71Se6dN57\\nGvehfHhQpnzfx1knxbdL07AJAcHNYpLYnjrgTGeoSzrxJmsOIVU0wPVP40tVNBbv\\nnF8SX62qvjXLcvy/v+kzXF43UVPXbVVv7d0KCIM9JRhYwLmsnLGwMSzXkA1JVhKJ\\nz848thsfUQKBgBzG026HQLK33xD/sp3kvkAnhXtsm+EPsl6AG3PqqtqXEPMiA4br\\np7REKs3zI5OBEINejY3xdDdA+uFFxvYM1j4/WlGB5pIBR2ocr7NAXQhedTmxzysG\\n9AkhTnUefcY7v8jB9gc/N/hKNl3K8Jb3yRfUJ+Rhb/AbdwAjq+opoD6hAoGAIuU9\\nYSvgc1mjyTUc6oFrPfbHsnRX3rgHWTQTyqWud/aeSmYAtbQVL3ohG8FBX6c+mjv3\\nIHGdnKezL0yQN2O4DJt7GAP+l+GhhMGres9piUwiSForrex4koQnlqjREdKjxsfv\\nqJMWWFdTHpC/+F88j69/DMH+yL6JqtRdBceW84ECgYEAxkQGR8ObjkveeuFtMqZr\\n21SYNTJII28XqbQLSOblxgjaKNNdVLbJC6rss+sd8I8mOwDTg7IC79V1BuzuRuBY\\nJUEajEpRohaLs3hVIoibaPx6oaJTJ0KLVSVr0KSQGpu4PyeAF+jf7IttVUrOhIA6\\ndKGC5OJaghUOzl2x2kyuY8E=\\n-----END PRIVATE KEY-----"}
[debug] [2025-11-20T22:58:46.133Z] <<< [apiv2][status] GET https://runtimeconfig.googleapis.com/v1beta1/projects/styleai-footwear/configs/google/variables/api_key 200
[debug] [2025-11-20T22:58:46.133Z] <<< [apiv2][body] GET https://runtimeconfig.googleapis.com/v1beta1/projects/styleai-footwear/configs/google/variables/api_key {"name":"projects/styleai-footwear/configs/google/variables/api_key","updateTime":"2025-10-07T16:48:47.747340102Z","text":"AIzaSyCjLvDW_FNIni9wdYK7qrRuzKJJ2yj36nQ"}
[debug] [2025-11-20T22:58:46.141Z] <<< [apiv2][status] GET https://runtimeconfig.googleapis.com/v1beta1/projects/styleai-footwear/configs/app/variables/admin_project_id 200
[debug] [2025-11-20T22:58:46.141Z] <<< [apiv2][body] GET https://runtimeconfig.googleapis.com/v1beta1/projects/styleai-footwear/configs/app/variables/admin_project_id {"name":"projects/styleai-footwear/configs/app/variables/admin_project_id","updateTime":"2025-10-09T17:34:59.902896433Z","text":"styleai-footwear"}
[debug] [2025-11-20T22:58:46.142Z] <<< [apiv2][status] GET https://runtimeconfig.googleapis.com/v1beta1/projects/styleai-footwear/configs/defaults/variables/location 200
[debug] [2025-11-20T22:58:46.142Z] <<< [apiv2][body] GET https://runtimeconfig.googleapis.com/v1beta1/projects/styleai-footwear/configs/defaults/variables/location {"name":"projects/styleai-footwear/configs/defaults/variables/location","updateTime":"2025-08-28T08:56:22.685805184Z","text":"US, Central"}
[debug] [2025-11-20T22:58:46.142Z] <<< [apiv2][status] GET https://runtimeconfig.googleapis.com/v1beta1/projects/styleai-footwear/configs/app/variables/admin_client_email 200
[debug] [2025-11-20T22:58:46.142Z] <<< [apiv2][body] GET https://runtimeconfig.googleapis.com/v1beta1/projects/styleai-footwear/configs/app/variables/admin_client_email {"name":"projects/styleai-footwear/configs/app/variables/admin_client_email","updateTime":"2025-10-09T17:35:04.165222201Z","text":"<YOUR_SERVICE_ACCOUNT_EMAIL>"}
[debug] [2025-11-20T22:58:46.156Z] <<< [apiv2][status] GET https://runtimeconfig.googleapis.com/v1beta1/projects/styleai-footwear/configs/google/variables/client_id 200
[debug] [2025-11-20T22:58:46.156Z] <<< [apiv2][body] GET https://runtimeconfig.googleapis.com/v1beta1/projects/styleai-footwear/configs/google/variables/client_id {"name":"projects/styleai-footwear/configs/google/variables/client_id","updateTime":"2025-07-20T13:24:56.697851666Z","text":"855662411333-cj4o17dqi5sm2juct35h1g37mmsdgerj.apps.googleusercontent.com"}
[debug] [2025-11-20T22:58:46.157Z] <<< [apiv2][status] GET https://runtimeconfig.googleapis.com/v1beta1/projects/styleai-footwear/configs/google/variables/clientt_secret 200
[debug] [2025-11-20T22:58:46.157Z] <<< [apiv2][body] GET https://runtimeconfig.googleapis.com/v1beta1/projects/styleai-footwear/configs/google/variables/clientt_secret {"name":"projects/styleai-footwear/configs/google/variables/clientt_secret","updateTime":"2025-07-13T12:40:55.563915329Z","text":"****CWc5"}
[debug] [2025-11-20T22:58:46.158Z] <<< [apiv2][status] GET https://runtimeconfig.googleapis.com/v1beta1/projects/styleai-footwear/configs/google/variables/clinet_secret 200
[debug] [2025-11-20T22:58:46.158Z] <<< [apiv2][body] GET https://runtimeconfig.googleapis.com/v1beta1/projects/styleai-footwear/configs/google/variables/clinet_secret {"name":"projects/styleai-footwear/configs/google/variables/clinet_secret","updateTime":"2025-07-14T01:49:39.819268832Z","text":"****CWc5"}
[debug] [2025-11-20T22:58:46.173Z] <<< [apiv2][status] GET https://runtimeconfig.googleapis.com/v1beta1/projects/styleai-footwear/configs/accuweather/variables/apikey 200
[debug] [2025-11-20T22:58:46.173Z] <<< [apiv2][body] GET https://runtimeconfig.googleapis.com/v1beta1/projects/styleai-footwear/configs/accuweather/variables/apikey {"name":"projects/styleai-footwear/configs/accuweather/variables/apikey","updateTime":"2025-08-15T13:40:04.571459001Z","text":"j1PjvAMhwU0BsI8naX5hM6mQUl21szm0"}
[debug] [2025-11-20T22:58:46.174Z] <<< [apiv2][status] GET https://runtimeconfig.googleapis.com/v1beta1/projects/styleai-footwear/configs/accuweather/variables/key 200
[debug] [2025-11-20T22:58:46.174Z] <<< [apiv2][body] GET https://runtimeconfig.googleapis.com/v1beta1/projects/styleai-footwear/configs/accuweather/variables/key {"name":"projects/styleai-footwear/configs/accuweather/variables/key","updateTime":"2025-08-28T08:56:22.094782247Z","text":"gcQ890Tv8RsxBVCs9qAn3e8h09AoSS5b"}
[debug] [2025-11-20T22:58:46.175Z] <<< [apiv2][status] GET https://runtimeconfig.googleapis.com/v1beta1/projects/styleai-footwear/configs/google/variables/client_secret 200
[debug] [2025-11-20T22:58:46.175Z] <<< [apiv2][body] GET https://runtimeconfig.googleapis.com/v1beta1/projects/styleai-footwear/configs/google/variables/client_secret {"name":"projects/styleai-footwear/configs/google/variables/client_secret","updateTime":"2025-07-20T13:24:56.727307938Z","text":"****CWc5"}
[debug] [2025-11-20T22:58:46.175Z] <<< [apiv2][status] GET https://runtimeconfig.googleapis.com/v1beta1/projects/styleai-footwear/configs/storage/variables/bucket 200
[debug] [2025-11-20T22:58:46.175Z] <<< [apiv2][body] GET https://runtimeconfig.googleapis.com/v1beta1/projects/styleai-footwear/configs/storage/variables/bucket {"name":"projects/styleai-footwear/configs/storage/variables/bucket","updateTime":"2025-10-12T21:43:10.311375284Z","text":"styleai-footwear.appspot.com"}
[debug] [2025-11-20T22:58:46.185Z] <<< [apiv2][status] GET https://runtimeconfig.googleapis.com/v1beta1/projects/styleai-footwear/configs/nextjs/variables/private_key 200
[debug] [2025-11-20T22:58:46.185Z] <<< [apiv2][body] GET https://runtimeconfig.googleapis.com/v1beta1/projects/styleai-footwear/configs/nextjs/variables/private_key {"name":"projects/styleai-footwear/configs/nextjs/variables/private_key","updateTime":"2025-10-08T20:23:30.697275211Z","text":"-----BEGIN PRIVATE KEY-----\\nMIIEvQIBADANBgkqhkiG9w0BAQEFAASCBKcwggSjAgEAAoIBAQDMZAlzBsGvERLW\\nSs2AsrT+A4XG77wiCi6xfNbkNknEYHRKdAEAqegAuY6QxsLNZTYsmKxi/ZDOm9KT\\nPdPpW/klHL5BGlV1DvpQrZuWOUZ1lHcS+Wy+Ol0irB49Ww7bM4JqVCER4wNj4/KZ\\nuwxZII5s1JLJITJZPAbW6r5Y+fIIEoQCgF4uuRhH+WSfuIo4654YjlASSSh1jDH4\\nmeu/txevo3DnwO6ecrBYDMP4/a4/MxRc2QJhdMa8Ls8flAssqu5muHQoXt2jKi+l\\ndQ78knldUCNuvt79r1PBe2tw/eDaVECwK+0LoEI9sfCrjpHtqM2cGHu6dvrniM6S\\n3xn//4k9AgMBAAECggEAMtQl7W8et5S9ZIFRvdGzZQAnQqPX23dAyW7MWhCOI8IA\\n6YsTvMCEK7n5lFN5mm6zHEATjsKUQm1J3sgfbQcsXGhbgAE2g1foNCwYZzFzLkZv\\nnk5dFqmZA8hd9NAyT5ztr9egKbyU2UCU0lpL5dZM1Q/AOTiCNuLQqJ3UHHh8Ejlm\\nyHmlwTxO24fvWgGgkq8mzbBJyd7W45Xc/J6BePFvW6+24W1FObXEKocOdRgqf2Ve\\nHxo9gHDwtRGCh3UgSPQFs2jlRttATOKBBEHTGqQFGxHnxj4Nd+3lEmfrRPi8n5YV\\nkKAQvnuj9te7zuiDvEagccgaKialaRT5MT00EnEpgQKBgQDmcR3yUg5TWWSgHiR1\\n2Fc8/WxyrWXGzk8FVSTpa1D+TvANmxwOfRREcBSWFRF5g4EDuXXBaGtggbF+ZNsV\\nY7tHfqQv7bwOQlvyHVXU9b+1yV8Y/oaIUw1D+7uiUCswmFY5nF1hAjpKpB5HnFol\\nzHOZ0HHgwtNBK4O9xNGjFRiILQKBgQDjD0HXKVGEoNEaDMMxXkpnwLP71Se6dN57\\nGvehfHhQpnzfx1knxbdL07AJAcHNYpLYnjrgTGeoSzrxJmsOIVU0wPVP40tVNBbv\\nnF8SX62qvjXLcvy/v+kzXF43UVPXbVVv7d0KCIM9JRhYwLmsnLGwMSzXkA1JVhKJ\\nz848thsfUQKBgBzG026HQLK33xD/sp3kvkAnhXtsm+EPsl6AG3PqqtqXEPMiA4br\\np7REKs3zI5OBEINejY3xdDdA+uFFxvYM1j4/WlGB5pIBR2ocr7NAXQhedTmxzysG\\n9AkhTnUefcY7v8jB9gc/N/hKNl3K8Jb3yRfUJ+Rhb/AbdwAjq+opoD6hAoGAIuU9\\nYSvgc1mjyTUc6oFrPfbHsnRX3rgHWTQTyqWud/aeSmYAtbQVL3ohG8FBX6c+mjv3\\nIHGdnKezL0yQN2O4DJt7GAP+l+GhhMGres9piUwiSForrex4koQnlqjREdKjxsfv\\nqJMWWFdTHpC/+F88j69/DMH+yL6JqtRdBceW84ECgYEAxkQGR8ObjkveeuFtMqZr\\n21SYNTJII28XqbQLSOblxgjaKNNdVLbJC6rss+sd8I8mOwDTg7IC79V1BuzuRuBY\\nJUEajEpRohaLs3hVIoibaPx6oaJTJ0KLVSVr0KSQGpu4PyeAF+jf7IttVUrOhIA6\\ndKGC5OJaghUOzl2x2kyuY8E=\\n-----END PRIVATE KEY-----"}
[debug] [2025-11-20T22:58:46.185Z] <<< [apiv2][status] GET https://runtimeconfig.googleapis.com/v1beta1/projects/styleai-footwear/configs/wardrobe/variables/collection 200
[debug] [2025-11-20T22:58:46.185Z] <<< [apiv2][body] GET https://runtimeconfig.googleapis.com/v1beta1/projects/styleai-footwear/configs/wardrobe/variables/collection {"name":"projects/styleai-footwear/configs/wardrobe/variables/collection","updateTime":"2025-08-28T08:56:22.717641312Z","text":"public_wardrobe_items"}
[debug] [2025-11-20T22:58:46.187Z] Validating nodejs source
[warn] ⚠  functions: package.json indicates an outdated version of firebase-functions. Please upgrade using npm install --save firebase-functions@latest in your functions directory. 
[warn] ⚠  functions: Please note that there will be breaking changes when you upgrade. 
[debug] [2025-11-20T22:58:46.874Z] > [functions] package.json contents: {
  "name": "functions",
  "description": "Cloud Functions for Firebase",
  "private": true,
  "type": "commonjs",
  "engines": {
    "node": "20"
  },
  "main": "index.js",
  "scripts": {
    "lint": "eslint . --fix",
    "serve": "firebase emulators:start --only functions",
    "shell": "firebase functions:shell",
    "start": "npm run shell",
    "deploy": "firebase deploy --only functions",
    "logs": "firebase functions:log",
    "build": "echo \"No build step\""
  },
  "dependencies": {
    "firebase-admin": "^12.6.0",
    "firebase-functions": "^6.0.1"
  },
  "devDependencies": {
    "eslint": "^8.57.1",
    "eslint-config-google": "^0.14.0",
    "firebase-functions-test": "^3.1.0"
  }
}
[debug] [2025-11-20T22:58:46.874Z] Building nodejs source
[info] i  functions: Loading and analyzing source code for codebase default to determine what to deploy 
[debug] [2025-11-20T22:58:46.876Z] Could not find functions.yaml. Must use http discovery
[debug] [2025-11-20T22:58:46.879Z] Found firebase-functions binary at '/home/user/skomidora-aiot/functions/node_modules/.bin/firebase-functions'
[info] Serving at port 8875

[debug] [2025-11-20T22:58:47.108Z] Got response from /__/functions.yaml {"endpoints":{"skomidora":{"availableMemoryMb":null,"timeoutSeconds":null,"minInstances":null,"maxInstances":null,"ingressSettings":null,"concurrency":null,"serviceAccountEmail":null,"vpc":null,"platform":"gcfv2","region":["us-central1"],"secretEnvironmentVariables":[{"key":"ADMIN_PRIVATE_KEY"},{"key":"ADMIN_CLIENT_EMAIL"}],"labels":{},"httpsTrigger":{},"entryPoint":"skomidora"}},"specVersion":"v1alpha1","requiredAPIs":[],"extensions":{},"params":[{"type":"secret","name":"ADMIN_PRIVATE_KEY"},{"type":"secret","name":"ADMIN_CLIENT_EMAIL"}]}
[info] i  extensions: ensuring required API firebaseextensions.googleapis.com is enabled... 
[debug] [2025-11-20T22:58:51.132Z] > command requires scopes: ["email","openid","https://www.googleapis.com/auth/cloudplatformprojects.readonly","https://www.googleapis.com/auth/firebase","https://www.googleapis.com/auth/cloud-platform","https://www.googleapis.com/auth/userinfo.email"]
[debug] [2025-11-20T22:58:51.133Z] > authorizing via signed-in user (valxmachi@gmail.com)
[debug] [2025-11-20T22:58:51.133Z] [iam] checking project styleai-footwear for permissions ["firebase.projects.get","firebaseextensions.instances.list"]
[debug] [2025-11-20T22:58:51.133Z] Checked if tokens are valid: true, expires at: 1763682771674
[debug] [2025-11-20T22:58:51.133Z] Checked if tokens are valid: true, expires at: 1763682771674
[debug] [2025-11-20T22:58:51.133Z] >>> [apiv2][query] POST https://cloudresourcemanager.googleapis.com/v1/projects/styleai-footwear:testIamPermissions [none]
[debug] [2025-11-20T22:58:51.133Z] >>> [apiv2][(partial)header] POST https://cloudresourcemanager.googleapis.com/v1/projects/styleai-footwear:testIamPermissions x-goog-quota-user=projects/styleai-footwear
[debug] [2025-11-20T22:58:51.133Z] >>> [apiv2][body] POST https://cloudresourcemanager.googleapis.com/v1/projects/styleai-footwear:testIamPermissions {"permissions":["firebase.projects.get","firebaseextensions.instances.list"]}
[debug] [2025-11-20T22:58:51.173Z] <<< [apiv2][status] POST https://cloudresourcemanager.googleapis.com/v1/projects/styleai-footwear:testIamPermissions 200
[debug] [2025-11-20T22:58:51.173Z] <<< [apiv2][body] POST https://cloudresourcemanager.googleapis.com/v1/projects/styleai-footwear:testIamPermissions {"permissions":["firebase.projects.get","firebaseextensions.instances.list"]}
[debug] [2025-11-20T22:58:51.174Z] Checked if tokens are valid: true, expires at: 1763682771674
[debug] [2025-11-20T22:58:51.174Z] Checked if tokens are valid: true, expires at: 1763682771674
[debug] [2025-11-20T22:58:51.174Z] >>> [apiv2][query] GET https://firebaseextensions.googleapis.com/v1beta/projects/styleai-footwear/instances pageSize=100&pageToken=
[debug] [2025-11-20T22:58:51.262Z] <<< [apiv2][status] GET https://firebaseextensions.googleapis.com/v1beta/projects/styleai-footwear/instances 200
[debug] [2025-11-20T22:58:51.263Z] <<< [apiv2][body] GET https://firebaseextensions.googleapis.com/v1beta/projects/styleai-footwear/instances {}
[debug] [2025-11-20T22:58:51.264Z] Checked if tokens are valid: true, expires at: 1763682771674
[debug] [2025-11-20T22:58:51.264Z] Checked if tokens are valid: true, expires at: 1763682771674
[debug] [2025-11-20T22:58:51.264Z] >>> [apiv2][query] GET https://secretmanager.googleapis.com/v1/projects/styleai-footwear/secrets/ADMIN_PRIVATE_KEY [none]
[debug] [2025-11-20T22:58:51.313Z] <<< [apiv2][status] GET https://secretmanager.googleapis.com/v1/projects/styleai-footwear/secrets/ADMIN_PRIVATE_KEY 200
[debug] [2025-11-20T22:58:51.314Z] <<< [apiv2][body] GET https://secretmanager.googleapis.com/v1/projects/styleai-footwear/secrets/ADMIN_PRIVATE_KEY {"name":"projects/855662411333/secrets/ADMIN_PRIVATE_KEY","replication":{"automatic":{}},"createTime":"2025-10-09T16:10:31.783948Z","labels":{"firebase-managed":"apphosting"},"etag":"\"1640bc0a5b3678\""}
[debug] [2025-11-20T22:58:51.314Z] Checked if tokens are valid: true, expires at: 1763682771674
[debug] [2025-11-20T22:58:51.314Z] Checked if tokens are valid: true, expires at: 1763682771674
[debug] [2025-11-20T22:58:51.314Z] >>> [apiv2][query] GET https://secretmanager.googleapis.com/v1/projects/styleai-footwear/secrets/ADMIN_PRIVATE_KEY/versions/latest [none]
[debug] [2025-11-20T22:58:51.356Z] <<< [apiv2][status] GET https://secretmanager.googleapis.com/v1/projects/styleai-footwear/secrets/ADMIN_PRIVATE_KEY/versions/latest 200
[debug] [2025-11-20T22:58:51.356Z] <<< [apiv2][body] GET https://secretmanager.googleapis.com/v1/projects/styleai-footwear/secrets/ADMIN_PRIVATE_KEY/versions/latest {"name":"projects/855662411333/secrets/ADMIN_PRIVATE_KEY/versions/5","createTime":"2025-11-20T21:06:19.080951Z","state":"ENABLED","replicationStatus":{"automatic":{}},"etag":"\"16440d117f44f7\"","clientSpecifiedPayloadChecksum":true}
[debug] [2025-11-20T22:58:51.357Z] Checked if tokens are valid: true, expires at: 1763682771674
[debug] [2025-11-20T22:58:51.357Z] Checked if tokens are valid: true, expires at: 1763682771674
[debug] [2025-11-20T22:58:51.357Z] >>> [apiv2][query] GET https://secretmanager.googleapis.com/v1/projects/styleai-footwear/secrets/ADMIN_CLIENT_EMAIL [none]
[debug] [2025-11-20T22:58:51.398Z] <<< [apiv2][status] GET https://secretmanager.googleapis.com/v1/projects/styleai-footwear/secrets/ADMIN_CLIENT_EMAIL 200
[debug] [2025-11-20T22:58:51.399Z] <<< [apiv2][body] GET https://secretmanager.googleapis.com/v1/projects/styleai-footwear/secrets/ADMIN_CLIENT_EMAIL {"name":"projects/855662411333/secrets/ADMIN_CLIENT_EMAIL","replication":{"automatic":{}},"createTime":"2025-11-15T14:25:23.805978Z","labels":{"firebase-managed":"functions"},"etag":"\"1643a2e27f6238\""}
[debug] [2025-11-20T22:58:51.399Z] Checked if tokens are valid: true, expires at: 1763682771674
[debug] [2025-11-20T22:58:51.399Z] Checked if tokens are valid: true, expires at: 1763682771674
[debug] [2025-11-20T22:58:51.399Z] >>> [apiv2][query] GET https://secretmanager.googleapis.com/v1/projects/styleai-footwear/secrets/ADMIN_CLIENT_EMAIL/versions/latest [none]
[debug] [2025-11-20T22:58:51.508Z] <<< [apiv2][status] GET https://secretmanager.googleapis.com/v1/projects/styleai-footwear/secrets/ADMIN_CLIENT_EMAIL/versions/latest 200
[debug] [2025-11-20T22:58:51.508Z] <<< [apiv2][body] GET https://secretmanager.googleapis.com/v1/projects/styleai-footwear/secrets/ADMIN_CLIENT_EMAIL/versions/latest {"name":"projects/855662411333/secrets/ADMIN_CLIENT_EMAIL/versions/3","createTime":"2025-11-16T02:57:00.595802Z","state":"ENABLED","replicationStatus":{"automatic":{}},"etag":"\"1643ad62766e5a\""}
[info] i  functions: preparing functions directory for uploading... 
[info] i  functions: packaged /home/user/skomidora-aiot/functions (79.41 KB) for uploading 
[debug] [2025-11-20T22:58:51.548Z] Checked if tokens are valid: true, expires at: 1763682771674
[debug] [2025-11-20T22:58:51.549Z] Checked if tokens are valid: true, expires at: 1763682771674
[debug] [2025-11-20T22:58:51.549Z] >>> [apiv2][query] GET https://cloudfunctions.googleapis.com/v1/projects/styleai-footwear/locations/-/functions [none]
[debug] [2025-11-20T22:58:51.900Z] <<< [apiv2][status] GET https://cloudfunctions.googleapis.com/v1/projects/styleai-footwear/locations/-/functions 200
[debug] [2025-11-20T22:58:51.900Z] <<< [apiv2][body] GET https://cloudfunctions.googleapis.com/v1/projects/styleai-footwear/locations/-/functions {}
[debug] [2025-11-20T22:58:51.901Z] Checked if tokens are valid: true, expires at: 1763682771674
[debug] [2025-11-20T22:58:51.901Z] Checked if tokens are valid: true, expires at: 1763682771674
[debug] [2025-11-20T22:58:51.901Z] >>> [apiv2][query] GET https://cloudfunctions.googleapis.com/v2/projects/styleai-footwear/locations/-/functions filter=environment%3D%22GEN_2%22
[debug] [2025-11-20T22:58:52.236Z] <<< [apiv2][status] GET https://cloudfunctions.googleapis.com/v2/projects/styleai-footwear/locations/-/functions 200
[debug] [2025-11-20T22:58:52.237Z] <<< [apiv2][body] GET https://cloudfunctions.googleapis.com/v2/projects/styleai-footwear/locations/-/functions {"functions":[{"name":"projects/styleai-footwear/locations/us-central1/functions/ssrstyleaifootwear","buildConfig":{"build":"projects/855662411333/locations/us-central1/builds/25337be1-e242-4d55-96a0-b0682cd9bfc3","runtime":"nodejs20","entryPoint":"ssrstyleaifootwear","source":{"storageSource":{"bucket":"gcf-v2-sources-855662411333-us-central1","object":"ssrstyleaifootwear/function-source.zip","generation":"1760621429455316"}},"environmentVariables":{"GOOGLE_NODE_RUN_SCRIPTS":""},"dockerRepository":"projects/styleai-footwear/locations/us-central1/repositories/gcf-artifacts","sourceProvenance":{"resolvedStorageSource":{"bucket":"gcf-v2-sources-855662411333-us-central1","object":"ssrstyleaifootwear/function-source.zip","generation":"1760621429455316"}},"dockerRegistry":"ARTIFACT_REGISTRY","serviceAccount":"projects/styleai-footwear/serviceAccounts/855662411333-compute@developer.gserviceaccount.com","automaticUpdatePolicy":{}},"state":"UNKNOWN","updateTime":"2025-11-06T03:38:23.710114296Z","labels":{"firebase-functions-hash":"f9df46e651b2153a4f0e6e96e885c768da814c9a","deployment-tool":"cli-firebase--project-idx","firebase-functions-codebase":"firebase-frameworks-styleai-footwear"},"stateMessages":[{"severity":"ERROR","type":"CloudRunServiceNotFound","message":"Cloud Run service projects/styleai-footwear/locations/us-central1/services/ssrstyleaifootwear for the function was not found. The function will not work correctly. Please redeploy."}],"environment":"GEN_2","url":"https://us-central1-styleai-footwear.cloudfunctions.net/ssrstyleaifootwear","createTime":"2025-08-27T05:59:44.412029415Z","satisfiesPzi":true},{"name":"projects/styleai-footwear/locations/us-central1/functions/skomidora","buildConfig":{"build":"projects/855662411333/locations/us-central1/builds/4e1428df-19e5-441d-bdf3-d85f1d757c86","runtime":"nodejs20","entryPoint":"skomidora","source":{"storageSource":{"bucket":"gcf-v2-sources-855662411333-us-central1","object":"skomidora/function-source.zip","generation":"1763679182687615"}},"environmentVariables":{"GOOGLE_NODE_RUN_SCRIPTS":""},"dockerRepository":"projects/styleai-footwear/locations/us-central1/repositories/gcf-artifacts","sourceProvenance":{"resolvedStorageSource":{"bucket":"gcf-v2-sources-855662411333-us-central1","object":"skomidora/function-source.zip","generation":"1763679182687615"}},"dockerRegistry":"ARTIFACT_REGISTRY","serviceAccount":"projects/styleai-footwear/serviceAccounts/855662411333-compute@developer.gserviceaccount.com","automaticUpdatePolicy":{}},"serviceConfig":{"service":"projects/styleai-footwear/locations/us-central1/services/skomidora","timeoutSeconds":60,"environmentVariables":{"FIREBASE_CONFIG":"{\"projectId\":\"styleai-footwear\",\"databaseURL\":\"https://styleai-footwear-default-rtdb.firebaseio.com\",\"storageBucket\":\"styleai-footwear.firebasestorage.app\"}","GCLOUD_PROJECT":"styleai-footwear","EVENTARC_CLOUD_EVENT_SOURCE":"projects/styleai-footwear/locations/us-central1/services/skomidora","FUNCTION_TARGET":"skomidora","LOG_EXECUTION_ID":"true"},"ingressSettings":"ALLOW_ALL","uri":"https://skomidora-5nrqvsl5vq-uc.a.run.app","serviceAccountEmail":"855662411333-compute@developer.gserviceaccount.com","availableMemory":"256Mi","allTrafficOnLatestRevision":true,"secretEnvironmentVariables":[{"key":"ADMIN_PRIVATE_KEY","projectId":"styleai-footwear","secret":"ADMIN_PRIVATE_KEY","version":"5"},{"key":"ADMIN_CLIENT_EMAIL","projectId":"styleai-footwear","secret":"ADMIN_CLIENT_EMAIL","version":"3"}],"revision":"skomidora-00014-kul","maxInstanceRequestConcurrency":80,"availableCpu":"1"},"state":"ACTIVE","updateTime":"2025-11-20T22:54:04.744760944Z","labels":{"firebase-functions-hash":"5e1ee92252488dd463a10fff2589dd8ee7d6b497","deployment-tool":"cli-firebase--project-idx"},"environment":"GEN_2","url":"https://us-central1-styleai-footwear.cloudfunctions.net/skomidora","createTime":"2025-10-29T22:18:59.174114597Z","satisfiesPzi":true}]}
[info] i  functions: ensuring required API run.googleapis.com is enabled... 
[info] i  functions: ensuring required API eventarc.googleapis.com is enabled... 
[info] i  functions: ensuring required API pubsub.googleapis.com is enabled... 
[info] i  functions: ensuring required API storage.googleapis.com is enabled... 
[info] i  functions: generating the service identity for pubsub.googleapis.com... 
[debug] [2025-11-20T22:58:52.241Z] Checked if tokens are valid: true, expires at: 1763682771674
[debug] [2025-11-20T22:58:52.241Z] Checked if tokens are valid: true, expires at: 1763682771674
[info] i  functions: generating the service identity for eventarc.googleapis.com... 
[debug] [2025-11-20T22:58:52.241Z] Checked if tokens are valid: true, expires at: 1763682771674
[debug] [2025-11-20T22:58:52.241Z] Checked if tokens are valid: true, expires at: 1763682771674
[debug] [2025-11-20T22:58:52.241Z] >>> [apiv2][query] POST https://serviceusage.googleapis.com/v1beta1/projects/855662411333/services/pubsub.googleapis.com:generateServiceIdentity [none]
[debug] [2025-11-20T22:58:52.241Z] >>> [apiv2][(partial)header] POST https://serviceusage.googleapis.com/v1beta1/projects/855662411333/services/pubsub.googleapis.com:generateServiceIdentity x-goog-quota-user=projects/855662411333
[debug] [2025-11-20T22:58:52.241Z] >>> [apiv2][body] POST https://serviceusage.googleapis.com/v1beta1/projects/855662411333/services/pubsub.googleapis.com:generateServiceIdentity {}
[debug] [2025-11-20T22:58:52.242Z] >>> [apiv2][query] POST https://serviceusage.googleapis.com/v1beta1/projects/855662411333/services/eventarc.googleapis.com:generateServiceIdentity [none]
[debug] [2025-11-20T22:58:52.242Z] >>> [apiv2][(partial)header] POST https://serviceusage.googleapis.com/v1beta1/projects/855662411333/services/eventarc.googleapis.com:generateServiceIdentity x-goog-quota-user=projects/855662411333
[debug] [2025-11-20T22:58:52.242Z] >>> [apiv2][body] POST https://serviceusage.googleapis.com/v1beta1/projects/855662411333/services/eventarc.googleapis.com:generateServiceIdentity {}
[debug] [2025-11-20T22:58:52.466Z] <<< [apiv2][status] POST https://serviceusage.googleapis.com/v1beta1/projects/855662411333/services/pubsub.googleapis.com:generateServiceIdentity 200
[debug] [2025-11-20T22:58:52.466Z] <<< [apiv2][body] POST https://serviceusage.googleapis.com/v1beta1/projects/855662411333/services/pubsub.googleapis.com:generateServiceIdentity {"name":"operations/finished.DONE_OPERATION","done":true,"response":{"@type":"type.googleapis.com/google.api.serviceusage.v1beta1.ServiceIdentity","email":"service-855662411333@gcp-sa-pubsub.iam.gserviceaccount.com","uniqueId":"112295023021369149239"}}
[debug] [2025-11-20T22:58:52.501Z] <<< [apiv2][status] POST https://serviceusage.googleapis.com/v1beta1/projects/855662411333/services/eventarc.googleapis.com:generateServiceIdentity 200
[debug] [2025-11-20T22:58:52.501Z] <<< [apiv2][body] POST https://serviceusage.googleapis.com/v1beta1/projects/855662411333/services/eventarc.googleapis.com:generateServiceIdentity {"name":"operations/finished.DONE_OPERATION","done":true,"response":{"@type":"type.googleapis.com/google.api.serviceusage.v1beta1.ServiceIdentity","email":"service-855662411333@gcp-sa-eventarc.iam.gserviceaccount.com","uniqueId":"110264152753330061287"}}
[info] i  functions: ensuring required API secretmanager.googleapis.com is enabled... 
[debug] [2025-11-20T22:58:52.503Z] Checked if tokens are valid: true, expires at: 1763682771674
[debug] [2025-11-20T22:58:52.503Z] Checked if tokens are valid: true, expires at: 1763682771674
[debug] [2025-11-20T22:58:52.503Z] Checked if tokens are valid: true, expires at: 1763682771674
[debug] [2025-11-20T22:58:52.503Z] Checked if tokens are valid: true, expires at: 1763682771674
[debug] [2025-11-20T22:58:52.503Z] >>> [apiv2][query] GET https://secretmanager.googleapis.com/v1/projects/styleai-footwear/secrets/ADMIN_PRIVATE_KEY/versions/latest [none]
[debug] [2025-11-20T22:58:52.504Z] >>> [apiv2][query] GET https://secretmanager.googleapis.com/v1/projects/styleai-footwear/secrets/ADMIN_CLIENT_EMAIL/versions/latest [none]
[debug] [2025-11-20T22:58:52.537Z] <<< [apiv2][status] GET https://secretmanager.googleapis.com/v1/projects/styleai-footwear/secrets/ADMIN_PRIVATE_KEY/versions/latest 200
[debug] [2025-11-20T22:58:52.538Z] <<< [apiv2][body] GET https://secretmanager.googleapis.com/v1/projects/styleai-footwear/secrets/ADMIN_PRIVATE_KEY/versions/latest {"name":"projects/855662411333/secrets/ADMIN_PRIVATE_KEY/versions/5","createTime":"2025-11-20T21:06:19.080951Z","state":"ENABLED","replicationStatus":{"automatic":{}},"etag":"\"16440d117f44f7\"","clientSpecifiedPayloadChecksum":true}
[debug] [2025-11-20T22:58:52.538Z] Resolved secret version of ADMIN_PRIVATE_KEY to 5.
[debug] [2025-11-20T22:58:52.542Z] <<< [apiv2][status] GET https://secretmanager.googleapis.com/v1/projects/styleai-footwear/secrets/ADMIN_CLIENT_EMAIL/versions/latest 200
[debug] [2025-11-20T22:58:52.543Z] <<< [apiv2][body] GET https://secretmanager.googleapis.com/v1/projects/styleai-footwear/secrets/ADMIN_CLIENT_EMAIL/versions/latest {"name":"projects/855662411333/secrets/ADMIN_CLIENT_EMAIL/versions/3","createTime":"2025-11-16T02:57:00.595802Z","state":"ENABLED","replicationStatus":{"automatic":{}},"etag":"\"1643ad62766e5a\""}
[debug] [2025-11-20T22:58:52.543Z] Resolved secret version of ADMIN_CLIENT_EMAIL to 3.
[debug] [2025-11-20T22:58:52.544Z] Checked if tokens are valid: true, expires at: 1763682771674
[debug] [2025-11-20T22:58:52.544Z] Checked if tokens are valid: true, expires at: 1763682771674
[debug] [2025-11-20T22:58:52.544Z] >>> [apiv2][query] GET https://cloudresourcemanager.googleapis.com/v1/projects/styleai-footwear [none]
[debug] [2025-11-20T22:58:52.580Z] <<< [apiv2][status] GET https://cloudresourcemanager.googleapis.com/v1/projects/styleai-footwear 200
[debug] [2025-11-20T22:58:52.580Z] <<< [apiv2][body] GET https://cloudresourcemanager.googleapis.com/v1/projects/styleai-footwear {"projectNumber":"855662411333","projectId":"styleai-footwear","lifecycleState":"ACTIVE","name":"StyleAI Footwear","labels":{"monospace-workspace-id":"studio-01102118","firebase":"enabled","firebase-core":"disabled"},"createTime":"2025-05-13T04:55:59.077570Z"}
[debug] [2025-11-20T22:58:52.581Z] Checked if tokens are valid: true, expires at: 1763682771674
[debug] [2025-11-20T22:58:52.581Z] Checked if tokens are valid: true, expires at: 1763682771674
[debug] [2025-11-20T22:58:52.581Z] >>> [apiv2][query] GET https://compute.googleapis.com/compute/v1/projects/855662411333 [none]
[debug] [2025-11-20T22:58:52.790Z] <<< [apiv2][status] GET https://compute.googleapis.com/compute/v1/projects/855662411333 200
[debug] [2025-11-20T22:58:52.790Z] <<< [apiv2][body] GET https://compute.googleapis.com/compute/v1/projects/855662411333 {"kind":"compute#project","id":"221627363583464054","creationTimestamp":"2025-06-12T21:44:09.525-07:00","name":"styleai-footwear","commonInstanceMetadata":{"kind":"compute#metadata","fingerprint":"Z1I-z3b2I6w="},"quotas":[{"metric":"SNAPSHOTS","limit":1000,"usage":0},{"metric":"NETWORKS","limit":5,"usage":1},{"metric":"FIREWALLS","limit":100,"usage":4},{"metric":"IMAGES","limit":100,"usage":0},{"metric":"STATIC_ADDRESSES","limit":8,"usage":0},{"metric":"ROUTES","limit":200,"usage":0},{"metric":"FORWARDING_RULES","limit":15,"usage":0},{"metric":"TARGET_POOLS","limit":50,"usage":0},{"metric":"HEALTH_CHECKS","limit":75,"usage":0},{"metric":"IN_USE_ADDRESSES","limit":8,"usage":0},{"metric":"TARGET_INSTANCES","limit":50,"usage":0},{"metric":"TARGET_HTTP_PROXIES","limit":10,"usage":0},{"metric":"URL_MAPS","limit":10,"usage":0},{"metric":"BACKEND_SERVICES","limit":50,"usage":0},{"metric":"INSTANCE_TEMPLATES","limit":100,"usage":0},{"metric":"TARGET_VPN_GATEWAYS","limit":5,"usage":0},{"metric":"VPN_TUNNELS","limit":10,"usage":0},{"metric":"BACKEND_BUCKETS","limit":3,"usage":0},{"metric":"ROUTERS","limit":10,"usage":0},{"metric":"TARGET_SSL_PROXIES","limit":10,"usage":0},{"metric":"TARGET_HTTPS_PROXIES","limit":10,"usage":0},{"metric":"SSL_CERTIFICATES","limit":10,"usage":0},{"metric":"SUBNETWORKS","limit":100,"usage":0},{"metric":"TARGET_TCP_PROXIES","limit":10,"usage":0},{"metric":"CPUS_ALL_REGIONS","limit":32,"usage":0},{"metric":"SECURITY_POLICIES","limit":10,"usage":0},{"metric":"SECURITY_POLICY_RULES","limit":100,"usage":0},{"metric":"XPN_SERVICE_PROJECTS","limit":1000,"usage":0},{"metric":"PACKET_MIRRORINGS","limit":20,"usage":0},{"metric":"NETWORK_ENDPOINT_GROUPS","limit":100,"usage":0},{"metric":"INTERCONNECTS","limit":6,"usage":0},{"metric":"SSL_POLICIES","limit":10,"usage":0},{"metric":"GLOBAL_INTERNAL_ADDRESSES","limit":5000,"usage":0},{"metric":"VPN_GATEWAYS","limit":5,"usage":0},{"metric":"MACHINE_IMAGES","limit":100,"usage":0},{"metric":"SECURITY_POLICY_CEVAL_RULES","limit":20,"usage":0},{"metric":"GPUS_ALL_REGIONS","limit":0,"usage":0},{"metric":"EXTERNAL_VPN_GATEWAYS","limit":5,"usage":0},{"metric":"PUBLIC_ADVERTISED_PREFIXES","limit":1,"usage":0},{"metric":"PUBLIC_DELEGATED_PREFIXES","limit":10,"usage":0},{"metric":"STATIC_BYOIP_ADDRESSES","limit":128,"usage":0},{"metric":"NETWORK_FIREWALL_POLICIES","limit":10,"usage":0},{"metric":"INTERNAL_TRAFFIC_DIRECTOR_FORWARDING_RULES","limit":15,"usage":0},{"metric":"GLOBAL_EXTERNAL_MANAGED_FORWARDING_RULES","limit":15,"usage":0},{"metric":"GLOBAL_INTERNAL_MANAGED_BACKEND_SERVICES","limit":50,"usage":0},{"metric":"GLOBAL_EXTERNAL_MANAGED_BACKEND_SERVICES","limit":50,"usage":0},{"metric":"GLOBAL_EXTERNAL_PROXY_LB_BACKEND_SERVICES","limit":50,"usage":0},{"metric":"GLOBAL_INTERNAL_TRAFFIC_DIRECTOR_BACKEND_SERVICES","limit":250,"usage":0}],"selfLink":"https://www.googleapis.com/compute/v1/projects/styleai-footwear","defaultServiceAccount":"855662411333-compute@developer.gserviceaccount.com","xpnProjectStatus":"UNSPECIFIED_XPN_PROJECT_STATUS","defaultNetworkTier":"PREMIUM","vmDnsSetting":"ZONAL_ONLY","cloudArmorTier":"CA_STANDARD"}
[debug] [2025-11-20T22:58:52.793Z] Checked if tokens are valid: true, expires at: 1763682771674
[debug] [2025-11-20T22:58:52.793Z] Checked if tokens are valid: true, expires at: 1763682771674
[debug] [2025-11-20T22:58:52.793Z] >>> [apiv2][query] POST https://firebasehosting.googleapis.com/v1beta1/projects/-/sites/sk-styleai-footwear-us-cen1/versions [none]
[debug] [2025-11-20T22:58:52.793Z] >>> [apiv2][body] POST https://firebasehosting.googleapis.com/v1beta1/projects/-/sites/sk-styleai-footwear-us-cen1/versions {"status":"CREATED","labels":{"deployment-tool":"cli-firebase--project-idx"}}
[debug] [2025-11-20T22:58:53.274Z] <<< [apiv2][status] POST https://firebasehosting.googleapis.com/v1beta1/projects/-/sites/sk-styleai-footwear-us-cen1/versions 200
[debug] [2025-11-20T22:58:53.274Z] <<< [apiv2][body] POST https://firebasehosting.googleapis.com/v1beta1/projects/-/sites/sk-styleai-footwear-us-cen1/versions {"name":"projects/855662411333/sites/sk-styleai-footwear-us-cen1/versions/a6982920ff76e3cf","status":"CREATED","config":{},"labels":{"deployment-tool":"cli-firebase--project-idx"}}
[debug] [2025-11-20T22:58:53.276Z] Checked if tokens are valid: true, expires at: 1763682771674
[debug] [2025-11-20T22:58:53.276Z] Checked if tokens are valid: true, expires at: 1763682771674
[debug] [2025-11-20T22:58:53.276Z] >>> [apiv2][query] POST https://iam.googleapis.com/v1/projects/styleai-footwear/serviceAccounts/firebase-app-hosting-compute@styleai-footwear.iam.gserviceaccount.com:testIamPermissions [none]
[debug] [2025-11-20T22:58:53.276Z] >>> [apiv2][(partial)header] POST https://iam.googleapis.com/v1/projects/styleai-footwear/serviceAccounts/firebase-app-hosting-compute@styleai-footwear.iam.gserviceaccount.com:testIamPermissions x-goog-quota-user=projects/styleai-footwear
[debug] [2025-11-20T22:58:53.277Z] >>> [apiv2][body] POST https://iam.googleapis.com/v1/projects/styleai-footwear/serviceAccounts/firebase-app-hosting-compute@styleai-footwear.iam.gserviceaccount.com:testIamPermissions {"permissions":["iam.serviceAccounts.actAs"]}
[debug] [2025-11-20T22:58:53.391Z] <<< [apiv2][status] POST https://iam.googleapis.com/v1/projects/styleai-footwear/serviceAccounts/firebase-app-hosting-compute@styleai-footwear.iam.gserviceaccount.com:testIamPermissions 200
[debug] [2025-11-20T22:58:53.392Z] <<< [apiv2][body] POST https://iam.googleapis.com/v1/projects/styleai-footwear/serviceAccounts/firebase-app-hosting-compute@styleai-footwear.iam.gserviceaccount.com:testIamPermissions {"permissions":["iam.serviceAccounts.actAs"]}
[debug] [2025-11-20T22:58:53.392Z] Checked if tokens are valid: true, expires at: 1763682771674
[debug] [2025-11-20T22:58:53.392Z] Checked if tokens are valid: true, expires at: 1763682771674
[debug] [2025-11-20T22:58:53.392Z] >>> [apiv2][query] POST https://iam.googleapis.com/v1/projects/styleai-footwear/serviceAccounts [none]
[debug] [2025-11-20T22:58:53.392Z] >>> [apiv2][body] POST https://iam.googleapis.com/v1/projects/styleai-footwear/serviceAccounts {"accountId":"firebase-app-hosting-compute","serviceAccount":{"displayName":"Firebase App Hosting compute service account","description":"Default service account used to run builds and deploys for Firebase App Hosting"}}
[debug] [2025-11-20T22:58:53.636Z] <<< [apiv2][status] POST https://iam.googleapis.com/v1/projects/styleai-footwear/serviceAccounts 409
[debug] [2025-11-20T22:58:53.637Z] <<< [apiv2][body] POST https://iam.googleapis.com/v1/projects/styleai-footwear/serviceAccounts [omitted]
[debug] [2025-11-20T22:58:53.637Z] Checked if tokens are valid: true, expires at: 1763682771674
[debug] [2025-11-20T22:58:53.638Z] Checked if tokens are valid: true, expires at: 1763682771674
[debug] [2025-11-20T22:58:53.638Z] >>> [apiv2][query] POST https://cloudresourcemanager.googleapis.com/v1/projects/styleai-footwear:getIamPolicy [none]
[debug] [2025-11-20T22:58:53.741Z] <<< [apiv2][status] POST https://cloudresourcemanager.googleapis.com/v1/projects/styleai-footwear:getIamPolicy 200
[debug] [2025-11-20T22:58:53.742Z] <<< [apiv2][body] POST https://cloudresourcemanager.googleapis.com/v1/projects/styleai-footwear:getIamPolicy {"version":1,"etag":"BwZEDCm1w70=","bindings":[{"role":"roles/appengine.serviceAgent","members":["serviceAccount:service-855662411333@gcp-gae-service.iam.gserviceaccount.com"]},{"role":"roles/artifactregistry.serviceAgent","members":["serviceAccount:service-855662411333@gcp-sa-artifactregistry.iam.gserviceaccount.com"]},{"role":"roles/artifactregistry.writer","members":["user:ValXMachi@gmail.com"]},{"role":"roles/artifactregistry.writer_withcond_eed012da138d9e1c89d8","members":["user:ValXMachi@gmail.com"]},{"role":"roles/artifactregistry.writer_withcond_7c68feb5ece9525ea326","members":["user:ValXMachi@gmail.com"]},{"role":"roles/cloudaicompanion.serviceAgent","members":["serviceAccount:service-855662411333@gcp-sa-cloudaicompanion.iam.gserviceaccount.com"]},{"role":"roles/cloudbuild.builds.builder","members":["serviceAccount:855662411333@cloudbuild.gserviceaccount.com"]},{"role":"roles/cloudbuild.builds.builder_withcond_7c68feb5ece9525ea326","members":["serviceAccount:firebase-app-hosting-compute@styleai-footwear.iam.gserviceaccount.com"]},{"role":"roles/cloudbuild.serviceAgent","members":["serviceAccount:service-855662411333@gcp-sa-cloudbuild.iam.gserviceaccount.com"]},{"role":"roles/cloudfunctions.admin","members":["serviceAccount:firebase-adminsdk-fbsvc@styleai-footwear.iam.gserviceaccount.com"]},{"role":"roles/cloudfunctions.serviceAgent","members":["serviceAccount:service-855662411333@gcf-admin-robot.iam.gserviceaccount.com"]},{"role":"roles/composer.serviceAgent","members":["serviceAccount:service-855662411333@cloudcomposer-accounts.iam.gserviceaccount.com"]},{"role":"roles/compute.serviceAgent","members":["serviceAccount:service-855662411333@compute-system.iam.gserviceaccount.com"]},{"role":"roles/container.serviceAgent","members":["serviceAccount:service-855662411333@container-engine-robot.iam.gserviceaccount.com"]},{"role":"roles/containeranalysis.ServiceAgent","members":["serviceAccount:service-855662411333@container-analysis.iam.gserviceaccount.com"]},{"role":"roles/containerregistry.ServiceAgent","members":["serviceAccount:service-855662411333@containerregistry.iam.gserviceaccount.com"]},{"role":"roles/containerscanning.ServiceAgent","members":["serviceAccount:service-855662411333@gcp-sa-containerscanning.iam.gserviceaccount.com"]},{"role":"roles/datastore.user","members":["serviceAccount:airflow-firestore-writer@styleai-footwear.iam.gserviceaccount.com"]},{"role":"roles/developerconnect.readTokenAccessor","members":["serviceAccount:firebase-app-hosting-compute@styleai-footwear.iam.gserviceaccount.com"]},{"role":"roles/developerconnect.serviceAgent","members":["serviceAccount:service-855662411333@gcp-sa-devconnect.iam.gserviceaccount.com"]},{"role":"roles/editor","members":["serviceAccount:855662411333-compute@developer.gserviceaccount.com","serviceAccount:855662411333@cloudservices.gserviceaccount.com","serviceAccount:styleai-footwear@appspot.gserviceaccount.com"]},{"role":"roles/firebase.managementServiceAgent","members":["serviceAccount:service-855662411333@gcp-sa-firebase.iam.gserviceaccount.com"]},{"role":"roles/firebase.sdkAdminServiceAgent","members":["serviceAccount:firebase-adminsdk-fbsvc@styleai-footwear.iam.gserviceaccount.com","serviceAccount:firebase-app-hosting-compute@styleai-footwear.iam.gserviceaccount.com"]},{"role":"roles/firebaseappcheck.admin","members":["serviceAccount:firebase-adminsdk-fbsvc@styleai-footwear.iam.gserviceaccount.com"]},{"role":"roles/firebaseapphosting.computeRunner","members":["serviceAccount:firebase-app-hosting-compute@styleai-footwear.iam.gserviceaccount.com"]},{"role":"roles/firebaseapphosting.serviceAgent","members":["serviceAccount:service-855662411333@gcp-sa-firebaseapphosting.iam.gserviceaccount.com"]},{"role":"roles/firebasedatabase.admin","members":["serviceAccount:firebase-adminsdk-fbsvc@styleai-footwear.iam.gserviceaccount.com"]},{"role":"roles/firebaseml.serviceAgent","members":["serviceAccount:service-855662411333@gcp-sa-firebasevertexai.iam.gserviceaccount.com"]},{"role":"roles/firebasemods.serviceAgent","members":["serviceAccount:service-855662411333@gcp-sa-firebasemods.iam.gserviceaccount.com"]},{"role":"roles/firebaserules.system","members":["serviceAccount:service-855662411333@firebase-rules.iam.gserviceaccount.com"]},{"role":"roles/firebasestorage.serviceAgent","members":["serviceAccount:service-855662411333@gcp-sa-firebasestorage.iam.gserviceaccount.com"]},{"role":"roles/firestore.serviceAgent","members":["serviceAccount:service-855662411333@gcp-sa-firestore.iam.gserviceaccount.com"]},{"role":"roles/iam.serviceAccountTokenCreator","members":["serviceAccount:firebase-adminsdk-fbsvc@styleai-footwear.iam.gserviceaccount.com"]},{"role":"roles/iam.serviceAccountUser_withcond_eed012da138d9e1c89d8","members":["serviceAccount:service-855662411333@compute-system.iam.gserviceaccount.com"]},{"role":"roles/iam.serviceAccountUser_withcond_7c68feb5ece9525ea326","members":["serviceAccount:service-855662411333@compute-system.iam.gserviceaccount.com"]},{"role":"roles/owner","members":["user:ValXMachi@gmail.com"]},{"role":"roles/run.serviceAgent","members":["serviceAccount:service-855662411333@serverless-robot-prod.iam.gserviceaccount.com"]},{"role":"roles/secretmanager.admin_withcond_5736d79b48c3a35fd806","members":["serviceAccount:service-855662411333@gcp-sa-devconnect.iam.gserviceaccount.com"]},{"role":"roles/storage.admin","members":["serviceAccount:firebase-adminsdk-fbsvc@styleai-footwear.iam.gserviceaccount.com","serviceAccount:firebase-app-hosting-compute@styleai-footwear.iam.gserviceaccount.com"]},{"role":"roles/storage.objectViewer","members":["serviceAccount:firebase-app-hosting-compute@styleai-footwear.iam.gserviceaccount.com"]},{"role":"roles/storageinsights.serviceAgent","members":["serviceAccount:service-855662411333@gcp-sa-storageinsights.iam.gserviceaccount.com"]}]}
[debug] [2025-11-20T22:58:53.742Z] Checked if tokens are valid: true, expires at: 1763682771674
[debug] [2025-11-20T22:58:53.742Z] Checked if tokens are valid: true, expires at: 1763682771674
[debug] [2025-11-20T22:58:53.743Z] >>> [apiv2][query] POST https://cloudresourcemanager.googleapis.com/v1/projects/styleai-footwear:setIamPolicy [none]
[debug] [2025-11-20T22:58:53.743Z] >>> [apiv2][body] POST https://cloudresourcemanager.googleapis.com/v1/projects/styleai-footwear:setIamPolicy {"policy":{"version":1,"etag":"BwZEDCm1w70=","bindings":[{"role":"roles/appengine.serviceAgent","members":["serviceAccount:service-855662411333@gcp-gae-service.iam.gserviceaccount.com"]},{"role":"roles/artifactregistry.serviceAgent","members":["serviceAccount:service-855662411333@gcp-sa-artifactregistry.iam.gserviceaccount.com"]},{"role":"roles/artifactregistry.writer","members":["user:ValXMachi@gmail.com"]},{"role":"roles/artifactregistry.writer_withcond_eed012da138d9e1c89d8","members":["user:ValXMachi@gmail.com"]},{"role":"roles/artifactregistry.writer_withcond_7c68feb5ece9525ea326","members":["user:ValXMachi@gmail.com"]},{"role":"roles/cloudaicompanion.serviceAgent","members":["serviceAccount:service-855662411333@gcp-sa-cloudaicompanion.iam.gserviceaccount.com"]},{"role":"roles/cloudbuild.builds.builder","members":["serviceAccount:855662411333@cloudbuild.gserviceaccount.com"]},{"role":"roles/cloudbuild.builds.builder_withcond_7c68feb5ece9525ea326","members":["serviceAccount:firebase-app-hosting-compute@styleai-footwear.iam.gserviceaccount.com"]},{"role":"roles/cloudbuild.serviceAgent","members":["serviceAccount:service-855662411333@gcp-sa-cloudbuild.iam.gserviceaccount.com"]},{"role":"roles/cloudfunctions.admin","members":["serviceAccount:firebase-adminsdk-fbsvc@styleai-footwear.iam.gserviceaccount.com"]},{"role":"roles/cloudfunctions.serviceAgent","members":["serviceAccount:service-855662411333@gcf-admin-robot.iam.gserviceaccount.com"]},{"role":"roles/composer.serviceAgent","members":["serviceAccount:service-855662411333@cloudcomposer-accounts.iam.gserviceaccount.com"]},{"role":"roles/compute.serviceAgent","members":["serviceAccount:service-855662411333@compute-system.iam.gserviceaccount.com"]},{"role":"roles/container.serviceAgent","members":["serviceAccount:service-855662411333@container-engine-robot.iam.gserviceaccount.com"]},{"role":"roles/containeranalysis.ServiceAgent","members":["serviceAccount:service-855662411333@container-analysis.iam.gserviceaccount.com"]},{"role":"roles/containerregistry.ServiceAgent","members":["serviceAccount:service-855662411333@containerregistry.iam.gserviceaccount.com"]},{"role":"roles/containerscanning.ServiceAgent","members":["serviceAccount:service-855662411333@gcp-sa-containerscanning.iam.gserviceaccount.com"]},{"role":"roles/datastore.user","members":["serviceAccount:airflow-firestore-writer@styleai-footwear.iam.gserviceaccount.com"]},{"role":"roles/developerconnect.readTokenAccessor","members":["serviceAccount:firebase-app-hosting-compute@styleai-footwear.iam.gserviceaccount.com"]},{"role":"roles/developerconnect.serviceAgent","members":["serviceAccount:service-855662411333@gcp-sa-devconnect.iam.gserviceaccount.com"]},{"role":"roles/editor","members":["serviceAccount:855662411333-compute@developer.gserviceaccount.com","serviceAccount:855662411333@cloudservices.gserviceaccount.com","serviceAccount:styleai-footwear@appspot.gserviceaccount.com"]},{"role":"roles/firebase.managementServiceAgent","members":["serviceAccount:service-855662411333@gcp-sa-firebase.iam.gserviceaccount.com"]},{"role":"roles/firebase.sdkAdminServiceAgent","members":["serviceAccount:firebase-adminsdk-fbsvc@styleai-footwear.iam.gserviceaccount.com","serviceAccount:firebase-app-hosting-compute@styleai-footwear.iam.gserviceaccount.com"]},{"role":"roles/firebaseappcheck.admin","members":["serviceAccount:firebase-adminsdk-fbsvc@styleai-footwear.iam.gserviceaccount.com"]},{"role":"roles/firebaseapphosting.computeRunner","members":["serviceAccount:firebase-app-hosting-compute@styleai-footwear.iam.gserviceaccount.com"]},{"role":"roles/firebaseapphosting.serviceAgent","members":["serviceAccount:service-855662411333@gcp-sa-firebaseapphosting.iam.gserviceaccount.com"]},{"role":"roles/firebasedatabase.admin","members":["serviceAccount:firebase-adminsdk-fbsvc@styleai-footwear.iam.gserviceaccount.com"]},{"role":"roles/firebaseml.serviceAgent","members":["serviceAccount:service-855662411333@gcp-sa-firebasevertexai.iam.gserviceaccount.com"]},{"role":"roles/firebasemods.serviceAgent","members":["serviceAccount:service-855662411333@gcp-sa-firebasemods.iam.gserviceaccount.com"]},{"role":"roles/firebaserules.system","members":["serviceAccount:service-855662411333@firebase-rules.iam.gserviceaccount.com"]},{"role":"roles/firebasestorage.serviceAgent","members":["serviceAccount:service-855662411333@gcp-sa-firebasestorage.iam.gserviceaccount.com"]},{"role":"roles/firestore.serviceAgent","members":["serviceAccount:service-855662411333@gcp-sa-firestore.iam.gserviceaccount.com"]},{"role":"roles/iam.serviceAccountTokenCreator","members":["serviceAccount:firebase-adminsdk-fbsvc@styleai-footwear.iam.gserviceaccount.com"]},{"role":"roles/iam.serviceAccountUser_withcond_eed012da138d9e1c89d8","members":["serviceAccount:service-855662411333@compute-system.iam.gserviceaccount.com"]},{"role":"roles/iam.serviceAccountUser_withcond_7c68feb5ece9525ea326","members":["serviceAccount:service-855662411333@compute-system.iam.gserviceaccount.com"]},{"role":"roles/owner","members":["user:ValXMachi@gmail.com"]},{"role":"roles/run.serviceAgent","members":["serviceAccount:service-855662411333@serverless-robot-prod.iam.gserviceaccount.com"]},{"role":"roles/secretmanager.admin_withcond_5736d79b48c3a35fd806","members":["serviceAccount:service-855662411333@gcp-sa-devconnect.iam.gserviceaccount.com"]},{"role":"roles/storage.admin","members":["serviceAccount:firebase-adminsdk-fbsvc@styleai-footwear.iam.gserviceaccount.com","serviceAccount:firebase-app-hosting-compute@styleai-footwear.iam.gserviceaccount.com"]},{"role":"roles/storage.objectViewer","members":["serviceAccount:firebase-app-hosting-compute@styleai-footwear.iam.gserviceaccount.com"]},{"role":"roles/storageinsights.serviceAgent","members":["serviceAccount:service-855662411333@gcp-sa-storageinsights.iam.gserviceaccount.com"]}]},"updateMask":"bindings"}
[debug] [2025-11-20T22:58:54.211Z] <<< [apiv2][status] POST https://cloudresourcemanager.googleapis.com/v1/projects/styleai-footwear:setIamPolicy 200
[debug] [2025-11-20T22:58:54.212Z] <<< [apiv2][body] POST https://cloudresourcemanager.googleapis.com/v1/projects/styleai-footwear:setIamPolicy {"version":1,"etag":"BwZEDqQiJZA=","bindings":[{"role":"roles/appengine.serviceAgent","members":["serviceAccount:service-855662411333@gcp-gae-service.iam.gserviceaccount.com"]},{"role":"roles/artifactregistry.serviceAgent","members":["serviceAccount:service-855662411333@gcp-sa-artifactregistry.iam.gserviceaccount.com"]},{"role":"roles/artifactregistry.writer","members":["user:ValXMachi@gmail.com"]},{"role":"roles/artifactregistry.writer_withcond_eed012da138d9e1c89d8","members":["user:ValXMachi@gmail.com"]},{"role":"roles/artifactregistry.writer_withcond_7c68feb5ece9525ea326","members":["user:ValXMachi@gmail.com"]},{"role":"roles/cloudaicompanion.serviceAgent","members":["serviceAccount:service-855662411333@gcp-sa-cloudaicompanion.iam.gserviceaccount.com"]},{"role":"roles/cloudbuild.builds.builder","members":["serviceAccount:855662411333@cloudbuild.gserviceaccount.com"]},{"role":"roles/cloudbuild.builds.builder_withcond_7c68feb5ece9525ea326","members":["serviceAccount:firebase-app-hosting-compute@styleai-footwear.iam.gserviceaccount.com"]},{"role":"roles/cloudbuild.serviceAgent","members":["serviceAccount:service-855662411333@gcp-sa-cloudbuild.iam.gserviceaccount.com"]},{"role":"roles/cloudfunctions.admin","members":["serviceAccount:firebase-adminsdk-fbsvc@styleai-footwear.iam.gserviceaccount.com"]},{"role":"roles/cloudfunctions.serviceAgent","members":["serviceAccount:service-855662411333@gcf-admin-robot.iam.gserviceaccount.com"]},{"role":"roles/composer.serviceAgent","members":["serviceAccount:service-855662411333@cloudcomposer-accounts.iam.gserviceaccount.com"]},{"role":"roles/compute.serviceAgent","members":["serviceAccount:service-855662411333@compute-system.iam.gserviceaccount.com"]},{"role":"roles/container.serviceAgent","members":["serviceAccount:service-855662411333@container-engine-robot.iam.gserviceaccount.com"]},{"role":"roles/containeranalysis.ServiceAgent","members":["serviceAccount:service-855662411333@container-analysis.iam.gserviceaccount.com"]},{"role":"roles/containerregistry.ServiceAgent","members":["serviceAccount:service-855662411333@containerregistry.iam.gserviceaccount.com"]},{"role":"roles/containerscanning.ServiceAgent","members":["serviceAccount:service-855662411333@gcp-sa-containerscanning.iam.gserviceaccount.com"]},{"role":"roles/datastore.user","members":["serviceAccount:airflow-firestore-writer@styleai-footwear.iam.gserviceaccount.com"]},{"role":"roles/developerconnect.readTokenAccessor","members":["serviceAccount:firebase-app-hosting-compute@styleai-footwear.iam.gserviceaccount.com"]},{"role":"roles/developerconnect.serviceAgent","members":["serviceAccount:service-855662411333@gcp-sa-devconnect.iam.gserviceaccount.com"]},{"role":"roles/editor","members":["serviceAccount:855662411333-compute@developer.gserviceaccount.com","serviceAccount:855662411333@cloudservices.gserviceaccount.com","serviceAccount:styleai-footwear@appspot.gserviceaccount.com"]},{"role":"roles/firebase.managementServiceAgent","members":["serviceAccount:service-855662411333@gcp-sa-firebase.iam.gserviceaccount.com"]},{"role":"roles/firebase.sdkAdminServiceAgent","members":["serviceAccount:firebase-adminsdk-fbsvc@styleai-footwear.iam.gserviceaccount.com","serviceAccount:firebase-app-hosting-compute@styleai-footwear.iam.gserviceaccount.com"]},{"role":"roles/firebaseappcheck.admin","members":["serviceAccount:firebase-adminsdk-fbsvc@styleai-footwear.iam.gserviceaccount.com"]},{"role":"roles/firebaseapphosting.computeRunner","members":["serviceAccount:firebase-app-hosting-compute@styleai-footwear.iam.gserviceaccount.com"]},{"role":"roles/firebaseapphosting.serviceAgent","members":["serviceAccount:service-855662411333@gcp-sa-firebaseapphosting.iam.gserviceaccount.com"]},{"role":"roles/firebasedatabase.admin","members":["serviceAccount:firebase-adminsdk-fbsvc@styleai-footwear.iam.gserviceaccount.com"]},{"role":"roles/firebaseml.serviceAgent","members":["serviceAccount:service-855662411333@gcp-sa-firebasevertexai.iam.gserviceaccount.com"]},{"role":"roles/firebasemods.serviceAgent","members":["serviceAccount:service-855662411333@gcp-sa-firebasemods.iam.gserviceaccount.com"]},{"role":"roles/firebaserules.system","members":["serviceAccount:service-855662411333@firebase-rules.iam.gserviceaccount.com"]},{"role":"roles/firebasestorage.serviceAgent","members":["serviceAccount:service-855662411333@gcp-sa-firebasestorage.iam.gserviceaccount.com"]},{"role":"roles/firestore.serviceAgent","members":["serviceAccount:service-855662411333@gcp-sa-firestore.iam.gserviceaccount.com"]},{"role":"roles/iam.serviceAccountTokenCreator","members":["serviceAccount:firebase-adminsdk-fbsvc@styleai-footwear.iam.gserviceaccount.com"]},{"role":"roles/iam.serviceAccountUser_withcond_eed012da138d9e1c89d8","members":["serviceAccount:service-855662411333@compute-system.iam.gserviceaccount.com"]},{"role":"roles/iam.serviceAccountUser_withcond_7c68feb5ece9525ea326","members":["serviceAccount:service-855662411333@compute-system.iam.gserviceaccount.com"]},{"role":"roles/owner","members":["user:ValXMachi@gmail.com"]},{"role":"roles/run.serviceAgent","members":["serviceAccount:service-855662411333@serverless-robot-prod.iam.gserviceaccount.com"]},{"role":"roles/secretmanager.admin_withcond_5736d79b48c3a35fd806","members":["serviceAccount:service-855662411333@gcp-sa-devconnect.iam.gserviceaccount.com"]},{"role":"roles/storage.admin","members":["serviceAccount:firebase-adminsdk-fbsvc@styleai-footwear.iam.gserviceaccount.com","serviceAccount:firebase-app-hosting-compute@styleai-footwear.iam.gserviceaccount.com"]},{"role":"roles/storage.objectViewer","members":["serviceAccount:firebase-app-hosting-compute@styleai-footwear.iam.gserviceaccount.com"]},{"role":"roles/storageinsights.serviceAgent","members":["serviceAccount:service-855662411333@gcp-sa-storageinsights.iam.gserviceaccount.com"]}]}
[debug] [2025-11-20T22:58:54.212Z] Checked if tokens are valid: true, expires at: 1763682771674
[debug] [2025-11-20T22:58:54.212Z] Checked if tokens are valid: true, expires at: 1763682771674
[debug] [2025-11-20T22:58:54.212Z] >>> [apiv2][query] GET https://firebaseapphosting.googleapis.com/v1beta/projects/styleai-footwear/locations/-/backends 
[debug] [2025-11-20T22:58:54.475Z] <<< [apiv2][status] GET https://firebaseapphosting.googleapis.com/v1beta/projects/styleai-footwear/locations/-/backends 200
[debug] [2025-11-20T22:58:54.475Z] <<< [apiv2][body] GET https://firebaseapphosting.googleapis.com/v1beta/projects/styleai-footwear/locations/-/backends {"backends":[{"name":"projects/styleai-footwear/locations/us-central1/backends/sk-styleai-footwear-us-cen1","createTime":"2025-05-23T17:41:57.328834877Z","updateTime":"2025-11-01T23:34:29.525698Z","uri":"sk-styleai-footwear-us-cen1--styleai-footwear.us-central1.hosted.app","managedResources":[{"runService":{"service":"projects/855662411333/locations/us-central1/services/sk-styleai-footwear-us-cen1"}}],"codebase":{"repository":"projects/styleai-footwear/locations/us-central1/connections/apphosting-github-conn-emrndpz/gitRepositoryLinks/Valmach-SkoMiDora-AI-Fashion-Advisor","rootDirectory":"C:/Users/valma/SkoMiDora-AI-Fashion-Advisor/SkoMiDora-AI-Fashion-Advisor"},"uid":"3704dbd3-3448-466b-be17-25642d85ded6","etag":"u9Bf33I6ngDmHUlWOMOXwWs9uTz1PasBxgaROPnRpx0","reconciling":false,"servingLocality":"GLOBAL_ACCESS","serviceAccount":"firebase-app-hosting-compute@styleai-footwear.iam.gserviceaccount.com","appId":"1:855662411333:web:657cc6c36c9df53450ed2c"},{"name":"projects/styleai-footwear/locations/us-central1/backends/studio","createTime":"2025-11-13T16:14:28.469938072Z","updateTime":"2025-11-13T16:14:28.890960Z","uri":"studio--styleai-footwear.us-central1.hosted.app","displayName":"Studio","uid":"067a14ab-afa4-4067-9391-39345c3a35b9","etag":"zcy3EyYZ-2DoUzNX-y39LG2UW9BFlkDTrWMvl9jkBiY","reconciling":false,"servingLocality":"GLOBAL_ACCESS","serviceAccount":"firebase-app-hosting-compute@styleai-footwear.iam.gserviceaccount.com","appId":"1:855662411333:web:568ed8c5925da1bc50ed2c"}]}
[info] i  apphosting: Found backend(s) sk-styleai-footwear-us-cen1 
[debug] [2025-11-20T22:58:54.476Z] Checked if tokens are valid: true, expires at: 1763682771674
[debug] [2025-11-20T22:58:54.476Z] Checked if tokens are valid: true, expires at: 1763682771674
[debug] [2025-11-20T22:58:54.476Z] >>> [apiv2][query] GET https://developerconnect.googleapis.com/v1/projects/styleai-footwear/locations/us-central1/connections/apphosting-github-conn-emrndpz/gitRepositoryLinks/Valmach-SkoMiDora-AI-Fashion-Advisor [none]
[debug] [2025-11-20T22:58:54.532Z] <<< [apiv2][status] GET https://developerconnect.googleapis.com/v1/projects/styleai-footwear/locations/us-central1/connections/apphosting-github-conn-emrndpz/gitRepositoryLinks/Valmach-SkoMiDora-AI-Fashion-Advisor 200
[debug] [2025-11-20T22:58:54.532Z] <<< [apiv2][body] GET https://developerconnect.googleapis.com/v1/projects/styleai-footwear/locations/us-central1/connections/apphosting-github-conn-emrndpz/gitRepositoryLinks/Valmach-SkoMiDora-AI-Fashion-Advisor {"name":"projects/styleai-footwear/locations/us-central1/connections/apphosting-github-conn-emrndpz/gitRepositoryLinks/Valmach-SkoMiDora-AI-Fashion-Advisor","cloneUri":"https://github.com/Valmach/SkoMiDora-AI-Fashion-Advisor.git","createTime":"2025-05-23T17:20:45.669883287Z","updateTime":"2025-11-06T03:38:23.665588063Z"}
[debug] [2025-11-21T00:35:55.687Z] ExitPromptError: User force closed the prompt with SIGINT
    at Interface.sigint (/home/user/.global_modules/lib/node_modules/firebase-tools/node_modules/@inquirer/core/dist/commonjs/lib/create-prompt.js:101:37)
    at Interface.emit (node:events:518:28)
    at Interface.emit (node:domain:489:12)
    at [_ttyWrite] [as _ttyWrite] (node:internal/readline/interface:1125:18)
    at ReadStream.onkeypress (node:internal/readline/interface:264:20)
    at ReadStream.emit (node:events:530:35)
    at ReadStream.emit (node:domain:489:12)
    at emitKeys (node:internal/readline/utils:371:14)
    at emitKeys.next (<anonymous>)
    at ReadStream.onData (node:internal/readline/emitKeypressEvents:64:36)
[error] 
[error] Error: An unexpected error has occurred.
[debug] [2025-11-21T00:36:03.248Z] ----------------------------------------------------------------------
[debug] [2025-11-21T00:36:03.251Z] Command:       /nix/store/ixbb20farqh1f4fqbmsn6b1ixn8mc8ij-nodejs-20.18.1/bin/node /home/user/.global_modules/bin/firebase deploy
[debug] [2025-11-21T00:36:03.251Z] CLI Version:   14.25.1
[debug] [2025-11-21T00:36:03.251Z] Platform:      linux
[debug] [2025-11-21T00:36:03.251Z] Node Version:  v20.18.1
[debug] [2025-11-21T00:36:03.251Z] Time:          Fri Nov 21 2025 00:36:03 GMT+0000 (Coordinated Universal Time)
[debug] [2025-11-21T00:36:03.252Z] ----------------------------------------------------------------------
[debug] 
[debug] [2025-11-21T00:36:03.489Z] Checked if tokens are valid: false, expires at: 1763682771674
[debug] [2025-11-21T00:36:03.490Z] Checked if tokens are valid: false, expires at: 1763682771674
[debug] [2025-11-21T00:36:03.490Z] > refreshing access token with scopes: []
[debug] [2025-11-21T00:36:03.492Z] >>> [apiv2][query] POST https://www.googleapis.com/oauth2/v3/token [none]
[debug] [2025-11-21T00:36:03.492Z] >>> [apiv2][body] POST https://www.googleapis.com/oauth2/v3/token [omitted]
[debug] [2025-11-21T00:36:03.626Z] <<< [apiv2][status] POST https://www.googleapis.com/oauth2/v3/token 200
[debug] [2025-11-21T00:36:03.627Z] <<< [apiv2][body] POST https://www.googleapis.com/oauth2/v3/token [omitted]
[debug] [2025-11-21T00:36:03.640Z] >>> [apiv2][query] GET https://monospace-pa.googleapis.com/v1/workspaces/skomidora-aiot-29612212 [none]
[debug] [2025-11-21T00:36:04.154Z] <<< [apiv2][status] GET https://monospace-pa.googleapis.com/v1/workspaces/skomidora-aiot-29612212 200
[debug] [2025-11-21T00:36:04.154Z] <<< [apiv2][body] GET https://monospace-pa.googleapis.com/v1/workspaces/skomidora-aiot-29612212 {"workspaceId":"skomidora-aiot-29612212","name":"SkoMiDora-AIoT","workspaceRedirectUrl":"firebase-skomidora-aiot-1763488482243.cluster-lr6dwlc2lzbcctqhqorax5zmro.cloudworkstations.dev","status":"WORKSPACE_STATUS_RUNNING","lastAccessDatetime":"2025-11-20T23:46:53.984038Z","workspaceTemplate":"WORKSPACE_TEMPLATE_FLUTTER","owner":"SELF","serviceAccountEmail":"msp-7062561622066257727@monospace-per-ws-sa-2.iam.gserviceaccount.com","enableNix":true,"ownerEmail":"ValXMachi@gmail.com","templateArgs":"{\"signedUrl\":\"https://monospace-local-import-bucket-us.storage.googleapis.com/skomidora-aiot-29612212-SkoMiDora-AI-Fashion-Advisor-skomidora.zip?X-Goog-Algorithm=GOOG4-RSA-SHA256&X-Goog-Credential=monospace-local-import-manager%40monospace-local-import-bucket.iam.gserviceaccount.com%2F20251118%2Fauto%2Fstorage%2Fgoog4_request&X-Goog-Date=20251118T175440Z&X-Goog-Expires=3600&X-Goog-SignedHeaders=host&x-goog-signature=651d280a5ed93aba08ccbf7997cf24ed8889226c05c30d0d03b86efe6f587a823d14c5a06096f373879ee995265c5a183b588a7a936c9496289d90a39e54bede5ccd3c0cd61998d215bfb91cbfb20cf3b4b35dcb5a773049edec8b49a51214e05ee9dfe22834cdede67ac7097f8a7be6682c70ca8c5200310c01fa8b05c17cd1c34090113ea02aeb557567769c6653df8634e7b2a65563b4dc259acf7850391788baaaa3598db0d373549c8fadc579eea27507a2d29ebe4f7b939733d570a582a086ad2fc5451063bb471aa22fd0b1f01ceee20a88fa63fe00847a4367e0bbe478eddb752dd013e91fd0904f19e0710ed2659bd7b2d8b4717eb8df0b12ec4c13\"}","templateRepoUrl":"file:///usr/local/monospace/templates/private/_local_import","workstationAccessToken":"eyJhbGciOiJSUzI1NiIsInR5cCI6IkpXVCJ9.eyJpc3MiOiJodHRwczovL2Nsb3VkLmdvb2dsZS5jb20vd29ya3N0YXRpb25zIiwiYXVkIjoiZmlyZWJhc2Utc2tvbWlkb3JhLWFpb3QtMTc2MzQ4ODQ4MjI0My5jbHVzdGVyLWxyNmR3bGMybHpiY2N0cWhxb3JheDV6bXJvLmNsb3Vkd29ya3N0YXRpb25zLmRldiIsImlhdCI6MTc2MzY4NTM2NCwiZXhwIjoxNzYzNzcxNzYzfQ.IHYNYwMm2XTT2kZ3g4FhyFTz-Rl_ntWGofiTKXupbPvX7cvwqk9474m9pFdKhmaRRNZyA4TeukG7G_pL6lDpzRcW5BHrqbhOIJB-rGmOfzCKtNUCxhV_Tw5RwEpjiT6-yBwUJ5oI6P5QPN9zoil46uQ75wufp6WKbr6jq8BDmzZiRqrgu1agjSJxd2qwqub0tqRJHH77OW-ZhkxwpvIK1pi8Y9xRL2Ow31kOp0JPdf2ogHx3OnfT8wQO_CFHtlCqcJDRTYVuk5wKktNOGYMTTcVmm3eLtZYiIpbR2bgf-nwzwepEOVsSOeJZ_3js1ENnsTauGNnsmo_2G4O-60dgoQ","firebaseProjectId":"styleai-footwear"}
[debug] [2025-11-21T00:36:04.156Z] > command requires scopes: ["email","openid","https://www.googleapis.com/auth/cloudplatformprojects.readonly","https://www.googleapis.com/auth/firebase","https://www.googleapis.com/auth/cloud-platform","https://www.googleapis.com/auth/userinfo.email"]
[debug] [2025-11-21T00:36:04.156Z] > authorizing via signed-in user (valxmachi@gmail.com)
[debug] [2025-11-21T00:36:04.156Z] [iam] checking project styleai-footwear for permissions ["cloudfunctions.functions.create","cloudfunctions.functions.delete","cloudfunctions.functions.get","cloudfunctions.functions.list","cloudfunctions.functions.update","cloudfunctions.operations.get","firebase.projects.get","firebasehosting.sites.update",null]
[debug] [2025-11-21T00:36:04.156Z] Checked if tokens are valid: true, expires at: 1763688962627
[debug] [2025-11-21T00:36:04.156Z] Checked if tokens are valid: true, expires at: 1763688962627
[debug] [2025-11-21T00:36:04.157Z] >>> [apiv2][query] POST https://cloudresourcemanager.googleapis.com/v1/projects/styleai-footwear:testIamPermissions [none]
[debug] [2025-11-21T00:36:04.157Z] >>> [apiv2][(partial)header] POST https://cloudresourcemanager.googleapis.com/v1/projects/styleai-footwear:testIamPermissions x-goog-quota-user=projects/styleai-footwear
[debug] [2025-11-21T00:36:04.157Z] >>> [apiv2][body] POST https://cloudresourcemanager.googleapis.com/v1/projects/styleai-footwear:testIamPermissions {"permissions":["cloudfunctions.functions.create","cloudfunctions.functions.delete","cloudfunctions.functions.get","cloudfunctions.functions.list","cloudfunctions.functions.update","cloudfunctions.operations.get","firebase.projects.get","firebasehosting.sites.update",null]}
[debug] [2025-11-21T00:36:04.207Z] <<< [apiv2][status] POST https://cloudresourcemanager.googleapis.com/v1/projects/styleai-footwear:testIamPermissions 200
[debug] [2025-11-21T00:36:04.207Z] <<< [apiv2][body] POST https://cloudresourcemanager.googleapis.com/v1/projects/styleai-footwear:testIamPermissions {"permissions":["cloudfunctions.functions.create","cloudfunctions.functions.delete","cloudfunctions.functions.get","cloudfunctions.functions.list","cloudfunctions.functions.update","cloudfunctions.operations.get","firebase.projects.get","firebasehosting.sites.update"]}
[debug] [2025-11-21T00:36:04.207Z] [iam] error while checking permissions, command may fail: Authorization failed. This account is missing the following required permissions on project styleai-footwear:

  
[debug] [2025-11-21T00:36:04.208Z] Checked if tokens are valid: true, expires at: 1763688962627
[debug] [2025-11-21T00:36:04.208Z] Checked if tokens are valid: true, expires at: 1763688962627
[debug] [2025-11-21T00:36:04.208Z] >>> [apiv2][query] POST https://iam.googleapis.com/v1/projects/styleai-footwear/serviceAccounts/styleai-footwear@appspot.gserviceaccount.com:testIamPermissions [none]
[debug] [2025-11-21T00:36:04.208Z] >>> [apiv2][body] POST https://iam.googleapis.com/v1/projects/styleai-footwear/serviceAccounts/styleai-footwear@appspot.gserviceaccount.com:testIamPermissions {"permissions":["iam.serviceAccounts.actAs"]}
[debug] [2025-11-21T00:36:04.273Z] <<< [apiv2][status] POST https://iam.googleapis.com/v1/projects/styleai-footwear/serviceAccounts/styleai-footwear@appspot.gserviceaccount.com:testIamPermissions 200
[debug] [2025-11-21T00:36:04.273Z] <<< [apiv2][body] POST https://iam.googleapis.com/v1/projects/styleai-footwear/serviceAccounts/styleai-footwear@appspot.gserviceaccount.com:testIamPermissions {"permissions":["iam.serviceAccounts.actAs"]}
[debug] [2025-11-21T00:36:04.274Z] Checked if tokens are valid: true, expires at: 1763688962627
[debug] [2025-11-21T00:36:04.274Z] Checked if tokens are valid: true, expires at: 1763688962627
[debug] [2025-11-21T00:36:04.274Z] >>> [apiv2][query] GET https://firebase.googleapis.com/v1beta1/projects/styleai-footwear [none]
[debug] [2025-11-21T00:36:04.499Z] <<< [apiv2][status] GET https://firebase.googleapis.com/v1beta1/projects/styleai-footwear 200
[debug] [2025-11-21T00:36:04.499Z] <<< [apiv2][body] GET https://firebase.googleapis.com/v1beta1/projects/styleai-footwear {"projectId":"styleai-footwear","projectNumber":"855662411333","displayName":"StyleAI Footwear","name":"projects/styleai-footwear","resources":{"hostingSite":"styleai-footwear","realtimeDatabaseInstance":"styleai-footwear-default-rtdb"},"state":"ACTIVE","etag":"1_5dcd58d3-8bff-45ba-b8aa-8d68ae0b3171"}
[debug] [2025-11-21T00:36:04.501Z] Specified "public" directory "public" does not exist; Deploy to Hosting site "sk-styleai-footwear-us-cen1" may fail or be empty.
[info] 
[info] === Deploying to 'styleai-footwear'...
[info] 
[info] i  deploying functions, hosting, apphosting 
[debug] [2025-11-21T00:36:04.504Z] Checked if tokens are valid: true, expires at: 1763688962627
[debug] [2025-11-21T00:36:04.504Z] Checked if tokens are valid: true, expires at: 1763688962627
[debug] [2025-11-21T00:36:04.504Z] >>> [apiv2][query] GET https://cloudresourcemanager.googleapis.com/v1/projects/styleai-footwear [none]
[debug] [2025-11-21T00:36:04.562Z] <<< [apiv2][status] GET https://cloudresourcemanager.googleapis.com/v1/projects/styleai-footwear 200
[debug] [2025-11-21T00:36:04.563Z] <<< [apiv2][body] GET https://cloudresourcemanager.googleapis.com/v1/projects/styleai-footwear {"projectNumber":"855662411333","projectId":"styleai-footwear","lifecycleState":"ACTIVE","name":"StyleAI Footwear","labels":{"monospace-workspace-id":"studio-01102118","firebase":"enabled","firebase-core":"disabled"},"createTime":"2025-05-13T04:55:59.077570Z"}
[info] i  functions: preparing codebase default for deployment 
[info] i  functions: ensuring required API cloudfunctions.googleapis.com is enabled... 
[info] i  functions: ensuring required API cloudbuild.googleapis.com is enabled... 
[info] i  artifactregistry: ensuring required API artifactregistry.googleapis.com is enabled... 
[debug] [2025-11-21T00:36:04.565Z] Checked if tokens are valid: true, expires at: 1763688962627
[debug] [2025-11-21T00:36:04.565Z] Checked if tokens are valid: true, expires at: 1763688962627
[debug] [2025-11-21T00:36:04.565Z] >>> [apiv2][query] GET https://firebase.googleapis.com/v1beta1/projects/styleai-footwear/adminSdkConfig [none]
[debug] [2025-11-21T00:36:04.841Z] <<< [apiv2][status] GET https://firebase.googleapis.com/v1beta1/projects/styleai-footwear/adminSdkConfig 200
[debug] [2025-11-21T00:36:04.841Z] <<< [apiv2][body] GET https://firebase.googleapis.com/v1beta1/projects/styleai-footwear/adminSdkConfig {"projectId":"styleai-footwear","databaseURL":"https://styleai-footwear-default-rtdb.firebaseio.com","storageBucket":"styleai-footwear.firebasestorage.app"}
[debug] [2025-11-21T00:36:04.841Z] Checked if tokens are valid: true, expires at: 1763688962627
[debug] [2025-11-21T00:36:04.841Z] Checked if tokens are valid: true, expires at: 1763688962627
[debug] [2025-11-21T00:36:04.842Z] >>> [apiv2][query] GET https://runtimeconfig.googleapis.com/v1beta1/projects/styleai-footwear/configs [none]
[debug] [2025-11-21T00:36:04.924Z] <<< [apiv2][status] GET https://runtimeconfig.googleapis.com/v1beta1/projects/styleai-footwear/configs 200
[debug] [2025-11-21T00:36:04.924Z] <<< [apiv2][body] GET https://runtimeconfig.googleapis.com/v1beta1/projects/styleai-footwear/configs {"configs":[{"name":"projects/styleai-footwear/configs/google"},{"name":"projects/styleai-footwear/configs/nextjs"},{"name":"projects/styleai-footwear/configs/storage"},{"name":"projects/styleai-footwear/configs/wardrobe"},{"name":"projects/styleai-footwear/configs/accuweather"},{"name":"projects/styleai-footwear/configs/app"},{"name":"projects/styleai-footwear/configs/defaults"}]}
[debug] [2025-11-21T00:36:04.924Z] Checked if tokens are valid: true, expires at: 1763688962627
[debug] [2025-11-21T00:36:04.924Z] Checked if tokens are valid: true, expires at: 1763688962627
[debug] [2025-11-21T00:36:04.924Z] Checked if tokens are valid: true, expires at: 1763688962627
[debug] [2025-11-21T00:36:04.924Z] Checked if tokens are valid: true, expires at: 1763688962627
[debug] [2025-11-21T00:36:04.925Z] Checked if tokens are valid: true, expires at: 1763688962627
[debug] [2025-11-21T00:36:04.925Z] Checked if tokens are valid: true, expires at: 1763688962627
[debug] [2025-11-21T00:36:04.925Z] Checked if tokens are valid: true, expires at: 1763688962627
[debug] [2025-11-21T00:36:04.925Z] Checked if tokens are valid: true, expires at: 1763688962627
[debug] [2025-11-21T00:36:04.925Z] Checked if tokens are valid: true, expires at: 1763688962627
[debug] [2025-11-21T00:36:04.925Z] Checked if tokens are valid: true, expires at: 1763688962627
[debug] [2025-11-21T00:36:04.925Z] Checked if tokens are valid: true, expires at: 1763688962627
[debug] [2025-11-21T00:36:04.925Z] Checked if tokens are valid: true, expires at: 1763688962627
[debug] [2025-11-21T00:36:04.925Z] Checked if tokens are valid: true, expires at: 1763688962627
[debug] [2025-11-21T00:36:04.925Z] Checked if tokens are valid: true, expires at: 1763688962627
[debug] [2025-11-21T00:36:04.925Z] >>> [apiv2][query] GET https://runtimeconfig.googleapis.com/v1beta1/projects/styleai-footwear/configs/google/variables [none]
[debug] [2025-11-21T00:36:04.926Z] >>> [apiv2][query] GET https://runtimeconfig.googleapis.com/v1beta1/projects/styleai-footwear/configs/nextjs/variables [none]
[debug] [2025-11-21T00:36:04.927Z] >>> [apiv2][query] GET https://runtimeconfig.googleapis.com/v1beta1/projects/styleai-footwear/configs/storage/variables [none]
[debug] [2025-11-21T00:36:04.928Z] >>> [apiv2][query] GET https://runtimeconfig.googleapis.com/v1beta1/projects/styleai-footwear/configs/wardrobe/variables [none]
[debug] [2025-11-21T00:36:04.929Z] >>> [apiv2][query] GET https://runtimeconfig.googleapis.com/v1beta1/projects/styleai-footwear/configs/accuweather/variables [none]
[debug] [2025-11-21T00:36:04.930Z] >>> [apiv2][query] GET https://runtimeconfig.googleapis.com/v1beta1/projects/styleai-footwear/configs/app/variables [none]
[debug] [2025-11-21T00:36:04.932Z] >>> [apiv2][query] GET https://runtimeconfig.googleapis.com/v1beta1/projects/styleai-footwear/configs/defaults/variables [none]
[debug] [2025-11-21T00:36:04.973Z] <<< [apiv2][status] GET https://runtimeconfig.googleapis.com/v1beta1/projects/styleai-footwear/configs/nextjs/variables 200
[debug] [2025-11-21T00:36:04.974Z] <<< [apiv2][body] GET https://runtimeconfig.googleapis.com/v1beta1/projects/styleai-footwear/configs/nextjs/variables {"variables":[{"name":"projects/styleai-footwear/configs/nextjs/variables/private_key","updateTime":"2025-10-08T20:23:30.697275211Z"}]}
[debug] [2025-11-21T00:36:04.974Z] Checked if tokens are valid: true, expires at: 1763688962627
[debug] [2025-11-21T00:36:04.974Z] Checked if tokens are valid: true, expires at: 1763688962627
[debug] [2025-11-21T00:36:04.974Z] >>> [apiv2][query] GET https://runtimeconfig.googleapis.com/v1beta1/projects/styleai-footwear/configs/nextjs/variables/private_key [none]
[debug] [2025-11-21T00:36:04.992Z] <<< [apiv2][status] GET https://runtimeconfig.googleapis.com/v1beta1/projects/styleai-footwear/configs/google/variables 200
[debug] [2025-11-21T00:36:04.992Z] <<< [apiv2][body] GET https://runtimeconfig.googleapis.com/v1beta1/projects/styleai-footwear/configs/google/variables {"variables":[{"name":"projects/styleai-footwear/configs/google/variables/client_id","updateTime":"2025-07-20T13:24:56.697851666Z"},{"name":"projects/styleai-footwear/configs/google/variables/client_secret","updateTime":"2025-07-20T13:24:56.727307938Z"},{"name":"projects/styleai-footwear/configs/google/variables/clientt_secret","updateTime":"2025-07-13T12:40:55.563915329Z"},{"name":"projects/styleai-footwear/configs/google/variables/clinet_secret","updateTime":"2025-07-14T01:49:39.819268832Z"},{"name":"projects/styleai-footwear/configs/google/variables/api_key","updateTime":"2025-10-07T16:48:47.747340102Z"}]}
[debug] [2025-11-21T00:36:04.992Z] Checked if tokens are valid: true, expires at: 1763688962627
[debug] [2025-11-21T00:36:04.992Z] Checked if tokens are valid: true, expires at: 1763688962627
[debug] [2025-11-21T00:36:04.992Z] Checked if tokens are valid: true, expires at: 1763688962627
[debug] [2025-11-21T00:36:04.993Z] Checked if tokens are valid: true, expires at: 1763688962627
[debug] [2025-11-21T00:36:04.993Z] Checked if tokens are valid: true, expires at: 1763688962627
[debug] [2025-11-21T00:36:04.993Z] Checked if tokens are valid: true, expires at: 1763688962627
[debug] [2025-11-21T00:36:04.993Z] Checked if tokens are valid: true, expires at: 1763688962627
[debug] [2025-11-21T00:36:04.993Z] Checked if tokens are valid: true, expires at: 1763688962627
[debug] [2025-11-21T00:36:04.993Z] Checked if tokens are valid: true, expires at: 1763688962627
[debug] [2025-11-21T00:36:04.993Z] Checked if tokens are valid: true, expires at: 1763688962627
[debug] [2025-11-21T00:36:04.993Z] >>> [apiv2][query] GET https://runtimeconfig.googleapis.com/v1beta1/projects/styleai-footwear/configs/google/variables/client_id [none]
[debug] [2025-11-21T00:36:04.993Z] >>> [apiv2][query] GET https://runtimeconfig.googleapis.com/v1beta1/projects/styleai-footwear/configs/google/variables/client_secret [none]
[debug] [2025-11-21T00:36:04.994Z] >>> [apiv2][query] GET https://runtimeconfig.googleapis.com/v1beta1/projects/styleai-footwear/configs/google/variables/clientt_secret [none]
[debug] [2025-11-21T00:36:04.995Z] >>> [apiv2][query] GET https://runtimeconfig.googleapis.com/v1beta1/projects/styleai-footwear/configs/google/variables/clinet_secret [none]
[debug] [2025-11-21T00:36:04.997Z] >>> [apiv2][query] GET https://runtimeconfig.googleapis.com/v1beta1/projects/styleai-footwear/configs/google/variables/api_key [none]
[debug] [2025-11-21T00:36:05.012Z] <<< [apiv2][status] GET https://runtimeconfig.googleapis.com/v1beta1/projects/styleai-footwear/configs/storage/variables 200
[debug] [2025-11-21T00:36:05.012Z] <<< [apiv2][body] GET https://runtimeconfig.googleapis.com/v1beta1/projects/styleai-footwear/configs/storage/variables {"variables":[{"name":"projects/styleai-footwear/configs/storage/variables/bucket","updateTime":"2025-10-12T21:43:10.311375284Z"}]}
[debug] [2025-11-21T00:36:05.012Z] Checked if tokens are valid: true, expires at: 1763688962627
[debug] [2025-11-21T00:36:05.012Z] Checked if tokens are valid: true, expires at: 1763688962627
[debug] [2025-11-21T00:36:05.012Z] >>> [apiv2][query] GET https://runtimeconfig.googleapis.com/v1beta1/projects/styleai-footwear/configs/storage/variables/bucket [none]
[debug] [2025-11-21T00:36:05.018Z] <<< [apiv2][status] GET https://runtimeconfig.googleapis.com/v1beta1/projects/styleai-footwear/configs/defaults/variables 200
[debug] [2025-11-21T00:36:05.019Z] <<< [apiv2][body] GET https://runtimeconfig.googleapis.com/v1beta1/projects/styleai-footwear/configs/defaults/variables {"variables":[{"name":"projects/styleai-footwear/configs/defaults/variables/location","updateTime":"2025-08-28T08:56:22.685805184Z"}]}
[debug] [2025-11-21T00:36:05.019Z] Checked if tokens are valid: true, expires at: 1763688962627
[debug] [2025-11-21T00:36:05.019Z] Checked if tokens are valid: true, expires at: 1763688962627
[debug] [2025-11-21T00:36:05.019Z] >>> [apiv2][query] GET https://runtimeconfig.googleapis.com/v1beta1/projects/styleai-footwear/configs/defaults/variables/location [none]
[debug] [2025-11-21T00:36:05.020Z] <<< [apiv2][status] GET https://runtimeconfig.googleapis.com/v1beta1/projects/styleai-footwear/configs/app/variables 200
[debug] [2025-11-21T00:36:05.021Z] <<< [apiv2][body] GET https://runtimeconfig.googleapis.com/v1beta1/projects/styleai-footwear/configs/app/variables {"variables":[{"name":"projects/styleai-footwear/configs/app/variables/private_key","updateTime":"2025-10-08T22:25:47.224126352Z"},{"name":"projects/styleai-footwear/configs/app/variables/admin_client_email","updateTime":"2025-10-09T17:35:04.165222201Z"},{"name":"projects/styleai-footwear/configs/app/variables/admin_project_id","updateTime":"2025-10-09T17:34:59.902896433Z"}]}
[debug] [2025-11-21T00:36:05.021Z] Checked if tokens are valid: true, expires at: 1763688962627
[debug] [2025-11-21T00:36:05.021Z] Checked if tokens are valid: true, expires at: 1763688962627
[debug] [2025-11-21T00:36:05.021Z] Checked if tokens are valid: true, expires at: 1763688962627
[debug] [2025-11-21T00:36:05.021Z] Checked if tokens are valid: true, expires at: 1763688962627
[debug] [2025-11-21T00:36:05.021Z] Checked if tokens are valid: true, expires at: 1763688962627
[debug] [2025-11-21T00:36:05.021Z] Checked if tokens are valid: true, expires at: 1763688962627
[debug] [2025-11-21T00:36:05.021Z] >>> [apiv2][query] GET https://runtimeconfig.googleapis.com/v1beta1/projects/styleai-footwear/configs/app/variables/private_key [none]
[debug] [2025-11-21T00:36:05.022Z] >>> [apiv2][query] GET https://runtimeconfig.googleapis.com/v1beta1/projects/styleai-footwear/configs/app/variables/admin_client_email [none]
[debug] [2025-11-21T00:36:05.022Z] >>> [apiv2][query] GET https://runtimeconfig.googleapis.com/v1beta1/projects/styleai-footwear/configs/app/variables/admin_project_id [none]
[debug] [2025-11-21T00:36:05.023Z] <<< [apiv2][status] GET https://runtimeconfig.googleapis.com/v1beta1/projects/styleai-footwear/configs/accuweather/variables 200
[debug] [2025-11-21T00:36:05.024Z] <<< [apiv2][body] GET https://runtimeconfig.googleapis.com/v1beta1/projects/styleai-footwear/configs/accuweather/variables {"variables":[{"name":"projects/styleai-footwear/configs/accuweather/variables/apikey","updateTime":"2025-08-15T13:40:04.571459001Z"},{"name":"projects/styleai-footwear/configs/accuweather/variables/key","updateTime":"2025-08-28T08:56:22.094782247Z"}]}
[debug] [2025-11-21T00:36:05.024Z] Checked if tokens are valid: true, expires at: 1763688962627
[debug] [2025-11-21T00:36:05.024Z] Checked if tokens are valid: true, expires at: 1763688962627
[debug] [2025-11-21T00:36:05.024Z] Checked if tokens are valid: true, expires at: 1763688962627
[debug] [2025-11-21T00:36:05.024Z] Checked if tokens are valid: true, expires at: 1763688962627
[debug] [2025-11-21T00:36:05.024Z] >>> [apiv2][query] GET https://runtimeconfig.googleapis.com/v1beta1/projects/styleai-footwear/configs/accuweather/variables/apikey [none]
[debug] [2025-11-21T00:36:05.025Z] >>> [apiv2][query] GET https://runtimeconfig.googleapis.com/v1beta1/projects/styleai-footwear/configs/accuweather/variables/key [none]
[debug] [2025-11-21T00:36:05.028Z] <<< [apiv2][status] GET https://runtimeconfig.googleapis.com/v1beta1/projects/styleai-footwear/configs/wardrobe/variables 200
[debug] [2025-11-21T00:36:05.028Z] <<< [apiv2][body] GET https://runtimeconfig.googleapis.com/v1beta1/projects/styleai-footwear/configs/wardrobe/variables {"variables":[{"name":"projects/styleai-footwear/configs/wardrobe/variables/collection","updateTime":"2025-08-28T08:56:22.717641312Z"}]}
[debug] [2025-11-21T00:36:05.028Z] Checked if tokens are valid: true, expires at: 1763688962627
[debug] [2025-11-21T00:36:05.029Z] Checked if tokens are valid: true, expires at: 1763688962627
[debug] [2025-11-21T00:36:05.029Z] >>> [apiv2][query] GET https://runtimeconfig.googleapis.com/v1beta1/projects/styleai-footwear/configs/wardrobe/variables/collection [none]
[debug] [2025-11-21T00:36:05.031Z] <<< [apiv2][status] GET https://runtimeconfig.googleapis.com/v1beta1/projects/styleai-footwear/configs/google/variables/api_key 200
[debug] [2025-11-21T00:36:05.031Z] <<< [apiv2][body] GET https://runtimeconfig.googleapis.com/v1beta1/projects/styleai-footwear/configs/google/variables/api_key {"name":"projects/styleai-footwear/configs/google/variables/api_key","updateTime":"2025-10-07T16:48:47.747340102Z","text":"AIzaSyCjLvDW_FNIni9wdYK7qrRuzKJJ2yj36nQ"}
[debug] [2025-11-21T00:36:05.042Z] <<< [apiv2][status] GET https://runtimeconfig.googleapis.com/v1beta1/projects/styleai-footwear/configs/google/variables/client_id 200
[debug] [2025-11-21T00:36:05.042Z] <<< [apiv2][body] GET https://runtimeconfig.googleapis.com/v1beta1/projects/styleai-footwear/configs/google/variables/client_id {"name":"projects/styleai-footwear/configs/google/variables/client_id","updateTime":"2025-07-20T13:24:56.697851666Z","text":"855662411333-cj4o17dqi5sm2juct35h1g37mmsdgerj.apps.googleusercontent.com"}
[debug] [2025-11-21T00:36:05.044Z] <<< [apiv2][status] GET https://runtimeconfig.googleapis.com/v1beta1/projects/styleai-footwear/configs/nextjs/variables/private_key 200
[debug] [2025-11-21T00:36:05.045Z] <<< [apiv2][body] GET https://runtimeconfig.googleapis.com/v1beta1/projects/styleai-footwear/configs/nextjs/variables/private_key {"name":"projects/styleai-footwear/configs/nextjs/variables/private_key","updateTime":"2025-10-08T20:23:30.697275211Z","text":"-----BEGIN PRIVATE KEY-----\\nMIIEvQIBADANBgkqhkiG9w0BAQEFAASCBKcwggSjAgEAAoIBAQDMZAlzBsGvERLW\\nSs2AsrT+A4XG77wiCi6xfNbkNknEYHRKdAEAqegAuY6QxsLNZTYsmKxi/ZDOm9KT\\nPdPpW/klHL5BGlV1DvpQrZuWOUZ1lHcS+Wy+Ol0irB49Ww7bM4JqVCER4wNj4/KZ\\nuwxZII5s1JLJITJZPAbW6r5Y+fIIEoQCgF4uuRhH+WSfuIo4654YjlASSSh1jDH4\\nmeu/txevo3DnwO6ecrBYDMP4/a4/MxRc2QJhdMa8Ls8flAssqu5muHQoXt2jKi+l\\ndQ78knldUCNuvt79r1PBe2tw/eDaVECwK+0LoEI9sfCrjpHtqM2cGHu6dvrniM6S\\n3xn//4k9AgMBAAECggEAMtQl7W8et5S9ZIFRvdGzZQAnQqPX23dAyW7MWhCOI8IA\\n6YsTvMCEK7n5lFN5mm6zHEATjsKUQm1J3sgfbQcsXGhbgAE2g1foNCwYZzFzLkZv\\nnk5dFqmZA8hd9NAyT5ztr9egKbyU2UCU0lpL5dZM1Q/AOTiCNuLQqJ3UHHh8Ejlm\\nyHmlwTxO24fvWgGgkq8mzbBJyd7W45Xc/J6BePFvW6+24W1FObXEKocOdRgqf2Ve\\nHxo9gHDwtRGCh3UgSPQFs2jlRttATOKBBEHTGqQFGxHnxj4Nd+3lEmfrRPi8n5YV\\nkKAQvnuj9te7zuiDvEagccgaKialaRT5MT00EnEpgQKBgQDmcR3yUg5TWWSgHiR1\\n2Fc8/WxyrWXGzk8FVSTpa1D+TvANmxwOfRREcBSWFRF5g4EDuXXBaGtggbF+ZNsV\\nY7tHfqQv7bwOQlvyHVXU9b+1yV8Y/oaIUw1D+7uiUCswmFY5nF1hAjpKpB5HnFol\\nzHOZ0HHgwtNBK4O9xNGjFRiILQKBgQDjD0HXKVGEoNEaDMMxXkpnwLP71Se6dN57\\nGvehfHhQpnzfx1knxbdL07AJAcHNYpLYnjrgTGeoSzrxJmsOIVU0wPVP40tVNBbv\\nnF8SX62qvjXLcvy/v+kzXF43UVPXbVVv7d0KCIM9JRhYwLmsnLGwMSzXkA1JVhKJ\\nz848thsfUQKBgBzG026HQLK33xD/sp3kvkAnhXtsm+EPsl6AG3PqqtqXEPMiA4br\\np7REKs3zI5OBEINejY3xdDdA+uFFxvYM1j4/WlGB5pIBR2ocr7NAXQhedTmxzysG\\n9AkhTnUefcY7v8jB9gc/N/hKNl3K8Jb3yRfUJ+Rhb/AbdwAjq+opoD6hAoGAIuU9\\nYSvgc1mjyTUc6oFrPfbHsnRX3rgHWTQTyqWud/aeSmYAtbQVL3ohG8FBX6c+mjv3\\nIHGdnKezL0yQN2O4DJt7GAP+l+GhhMGres9piUwiSForrex4koQnlqjREdKjxsfv\\nqJMWWFdTHpC/+F88j69/DMH+yL6JqtRdBceW84ECgYEAxkQGR8ObjkveeuFtMqZr\\n21SYNTJII28XqbQLSOblxgjaKNNdVLbJC6rss+sd8I8mOwDTg7IC79V1BuzuRuBY\\nJUEajEpRohaLs3hVIoibaPx6oaJTJ0KLVSVr0KSQGpu4PyeAF+jf7IttVUrOhIA6\\ndKGC5OJaghUOzl2x2kyuY8E=\\n-----END PRIVATE KEY-----"}
[debug] [2025-11-21T00:36:05.045Z] <<< [apiv2][status] GET https://runtimeconfig.googleapis.com/v1beta1/projects/styleai-footwear/configs/wardrobe/variables/collection 200
[debug] [2025-11-21T00:36:05.045Z] <<< [apiv2][body] GET https://runtimeconfig.googleapis.com/v1beta1/projects/styleai-footwear/configs/wardrobe/variables/collection {"name":"projects/styleai-footwear/configs/wardrobe/variables/collection","updateTime":"2025-08-28T08:56:22.717641312Z","text":"public_wardrobe_items"}
[debug] [2025-11-21T00:36:05.052Z] <<< [apiv2][status] GET https://runtimeconfig.googleapis.com/v1beta1/projects/styleai-footwear/configs/google/variables/client_secret 200
[debug] [2025-11-21T00:36:05.052Z] <<< [apiv2][body] GET https://runtimeconfig.googleapis.com/v1beta1/projects/styleai-footwear/configs/google/variables/client_secret {"name":"projects/styleai-footwear/configs/google/variables/client_secret","updateTime":"2025-07-20T13:24:56.727307938Z","text":"****CWc5"}
[debug] [2025-11-21T00:36:05.072Z] <<< [apiv2][status] GET https://runtimeconfig.googleapis.com/v1beta1/projects/styleai-footwear/configs/defaults/variables/location 200
[debug] [2025-11-21T00:36:05.072Z] <<< [apiv2][body] GET https://runtimeconfig.googleapis.com/v1beta1/projects/styleai-footwear/configs/defaults/variables/location {"name":"projects/styleai-footwear/configs/defaults/variables/location","updateTime":"2025-08-28T08:56:22.685805184Z","text":"US, Central"}
[debug] [2025-11-21T00:36:05.074Z] <<< [apiv2][status] GET https://runtimeconfig.googleapis.com/v1beta1/projects/styleai-footwear/configs/google/variables/clinet_secret 200
[debug] [2025-11-21T00:36:05.074Z] <<< [apiv2][body] GET https://runtimeconfig.googleapis.com/v1beta1/projects/styleai-footwear/configs/google/variables/clinet_secret {"name":"projects/styleai-footwear/configs/google/variables/clinet_secret","updateTime":"2025-07-14T01:49:39.819268832Z","text":"****CWc5"}
[debug] [2025-11-21T00:36:05.074Z] <<< [apiv2][status] GET https://runtimeconfig.googleapis.com/v1beta1/projects/styleai-footwear/configs/storage/variables/bucket 200
[debug] [2025-11-21T00:36:05.074Z] <<< [apiv2][body] GET https://runtimeconfig.googleapis.com/v1beta1/projects/styleai-footwear/configs/storage/variables/bucket {"name":"projects/styleai-footwear/configs/storage/variables/bucket","updateTime":"2025-10-12T21:43:10.311375284Z","text":"styleai-footwear.appspot.com"}
[debug] [2025-11-21T00:36:05.075Z] <<< [apiv2][status] GET https://runtimeconfig.googleapis.com/v1beta1/projects/styleai-footwear/configs/app/variables/admin_client_email 200
[debug] [2025-11-21T00:36:05.075Z] <<< [apiv2][body] GET https://runtimeconfig.googleapis.com/v1beta1/projects/styleai-footwear/configs/app/variables/admin_client_email {"name":"projects/styleai-footwear/configs/app/variables/admin_client_email","updateTime":"2025-10-09T17:35:04.165222201Z","text":"<YOUR_SERVICE_ACCOUNT_EMAIL>"}
[debug] [2025-11-21T00:36:05.076Z] <<< [apiv2][status] GET https://runtimeconfig.googleapis.com/v1beta1/projects/styleai-footwear/configs/google/variables/clientt_secret 200
[debug] [2025-11-21T00:36:05.076Z] <<< [apiv2][body] GET https://runtimeconfig.googleapis.com/v1beta1/projects/styleai-footwear/configs/google/variables/clientt_secret {"name":"projects/styleai-footwear/configs/google/variables/clientt_secret","updateTime":"2025-07-13T12:40:55.563915329Z","text":"****CWc5"}
[debug] [2025-11-21T00:36:05.077Z] <<< [apiv2][status] GET https://runtimeconfig.googleapis.com/v1beta1/projects/styleai-footwear/configs/app/variables/private_key 200
[debug] [2025-11-21T00:36:05.077Z] <<< [apiv2][body] GET https://runtimeconfig.googleapis.com/v1beta1/projects/styleai-footwear/configs/app/variables/private_key {"name":"projects/styleai-footwear/configs/app/variables/private_key","updateTime":"2025-10-08T22:25:47.224126352Z","text":"-----BEGIN PRIVATE KEY-----\\nMIIEvQIBADANBgkqhkiG9w0BAQEFAASCBKcwggSjAgEAAoIBAQDMZAlzBsGvERLW\\nSs2AsrT+A4XG77wiCi6xfNbkNknEYHRKdAEAqegAuY6QxsLNZTYsmKxi/ZDOm9KT\\nPdPpW/klHL5BGlV1DvpQrZuWOUZ1lHcS+Wy+Ol0irB49Ww7bM4JqVCER4wNj4/KZ\\nuwxZII5s1JLJITJZPAbW6r5Y+fIIEoQCgF4uuRhH+WSfuIo4654YjlASSSh1jDH4\\nmeu/txevo3DnwO6ecrBYDMP4/a4/MxRc2QJhdMa8Ls8flAssqu5muHQoXt2jKi+l\\ndQ78knldUCNuvt79r1PBe2tw/eDaVECwK+0LoEI9sfCrjpHtqM2cGHu6dvrniM6S\\n3xn//4k9AgMBAAECggEAMtQl7W8et5S9ZIFRvdGzZQAnQqPX23dAyW7MWhCOI8IA\\n6YsTvMCEK7n5lFN5mm6zHEATjsKUQm1J3sgfbQcsXGhbgAE2g1foNCwYZzFzLkZv\\nnk5dFqmZA8hd9NAyT5ztr9egKbyU2UCU0lpL5dZM1Q/AOTiCNuLQqJ3UHHh8Ejlm\\nyHmlwTxO24fvWgGgkq8mzbBJyd7W45Xc/J6BePFvW6+24W1FObXEKocOdRgqf2Ve\\nHxo9gHDwtRGCh3UgSPQFs2jlRttATOKBBEHTGqQFGxHnxj4Nd+3lEmfrRPi8n5YV\\nkKAQvnuj9te7zuiDvEagccgaKialaRT5MT00EnEpgQKBgQDmcR3yUg5TWWSgHiR1\\n2Fc8/WxyrWXGzk8FVSTpa1D+TvANmxwOfRREcBSWFRF5g4EDuXXBaGtggbF+ZNsV\\nY7tHfqQv7bwOQlvyHVXU9b+1yV8Y/oaIUw1D+7uiUCswmFY5nF1hAjpKpB5HnFol\\nzHOZ0HHgwtNBK4O9xNGjFRiILQKBgQDjD0HXKVGEoNEaDMMxXkpnwLP71Se6dN57\\nGvehfHhQpnzfx1knxbdL07AJAcHNYpLYnjrgTGeoSzrxJmsOIVU0wPVP40tVNBbv\\nnF8SX62qvjXLcvy/v+kzXF43UVPXbVVv7d0KCIM9JRhYwLmsnLGwMSzXkA1JVhKJ\\nz848thsfUQKBgBzG026HQLK33xD/sp3kvkAnhXtsm+EPsl6AG3PqqtqXEPMiA4br\\np7REKs3zI5OBEINejY3xdDdA+uFFxvYM1j4/WlGB5pIBR2ocr7NAXQhedTmxzysG\\n9AkhTnUefcY7v8jB9gc/N/hKNl3K8Jb3yRfUJ+Rhb/AbdwAjq+opoD6hAoGAIuU9\\nYSvgc1mjyTUc6oFrPfbHsnRX3rgHWTQTyqWud/aeSmYAtbQVL3ohG8FBX6c+mjv3\\nIHGdnKezL0yQN2O4DJt7GAP+l+GhhMGres9piUwiSForrex4koQnlqjREdKjxsfv\\nqJMWWFdTHpC/+F88j69/DMH+yL6JqtRdBceW84ECgYEAxkQGR8ObjkveeuFtMqZr\\n21SYNTJII28XqbQLSOblxgjaKNNdVLbJC6rss+sd8I8mOwDTg7IC79V1BuzuRuBY\\nJUEajEpRohaLs3hVIoibaPx6oaJTJ0KLVSVr0KSQGpu4PyeAF+jf7IttVUrOhIA6\\ndKGC5OJaghUOzl2x2kyuY8E=\\n-----END PRIVATE KEY-----"}
[debug] [2025-11-21T00:36:05.089Z] <<< [apiv2][status] GET https://runtimeconfig.googleapis.com/v1beta1/projects/styleai-footwear/configs/accuweather/variables/apikey 200
[debug] [2025-11-21T00:36:05.089Z] <<< [apiv2][body] GET https://runtimeconfig.googleapis.com/v1beta1/projects/styleai-footwear/configs/accuweather/variables/apikey {"name":"projects/styleai-footwear/configs/accuweather/variables/apikey","updateTime":"2025-08-15T13:40:04.571459001Z","text":"j1PjvAMhwU0BsI8naX5hM6mQUl21szm0"}
[debug] [2025-11-21T00:36:05.092Z] <<< [apiv2][status] GET https://runtimeconfig.googleapis.com/v1beta1/projects/styleai-footwear/configs/app/variables/admin_project_id 200
[debug] [2025-11-21T00:36:05.092Z] <<< [apiv2][body] GET https://runtimeconfig.googleapis.com/v1beta1/projects/styleai-footwear/configs/app/variables/admin_project_id {"name":"projects/styleai-footwear/configs/app/variables/admin_project_id","updateTime":"2025-10-09T17:34:59.902896433Z","text":"styleai-footwear"}
[debug] [2025-11-21T00:36:05.092Z] <<< [apiv2][status] GET https://runtimeconfig.googleapis.com/v1beta1/projects/styleai-footwear/configs/accuweather/variables/key 200
[debug] [2025-11-21T00:36:05.093Z] <<< [apiv2][body] GET https://runtimeconfig.googleapis.com/v1beta1/projects/styleai-footwear/configs/accuweather/variables/key {"name":"projects/styleai-footwear/configs/accuweather/variables/key","updateTime":"2025-08-28T08:56:22.094782247Z","text":"gcQ890Tv8RsxBVCs9qAn3e8h09AoSS5b"}
[debug] [2025-11-21T00:36:05.094Z] Validating nodejs source
[warn] ⚠  functions: package.json indicates an outdated version of firebase-functions. Please upgrade using npm install --save firebase-functions@latest in your functions directory. 
[warn] ⚠  functions: Please note that there will be breaking changes when you upgrade. 
[debug] [2025-11-21T00:36:05.874Z] > [functions] package.json contents: {
  "name": "functions",
  "description": "Cloud Functions for Firebase",
  "private": true,
  "type": "commonjs",
  "engines": {
    "node": "20"
  },
  "main": "index.js",
  "scripts": {
    "lint": "eslint . --fix",
    "serve": "firebase emulators:start --only functions",
    "shell": "firebase functions:shell",
    "start": "npm run shell",
    "deploy": "firebase deploy --only functions",
    "logs": "firebase functions:log",
    "build": "echo \"No build step\""
  },
  "dependencies": {
    "firebase-admin": "^12.6.0",
    "firebase-functions": "^6.0.1"
  },
  "devDependencies": {
    "eslint": "^8.57.1",
    "eslint-config-google": "^0.14.0",
    "firebase-functions-test": "^3.1.0"
  }
}
[debug] [2025-11-21T00:36:05.874Z] Building nodejs source
[info] i  functions: Loading and analyzing source code for codebase default to determine what to deploy 
[debug] [2025-11-21T00:36:05.876Z] Could not find functions.yaml. Must use http discovery
[debug] [2025-11-21T00:36:05.880Z] Found firebase-functions binary at '/home/user/skomidora-aiot/functions/node_modules/.bin/firebase-functions'
[info] Serving at port 8089

[debug] [2025-11-21T00:36:06.115Z] Got response from /__/functions.yaml {"endpoints":{"skomidora":{"availableMemoryMb":null,"timeoutSeconds":null,"minInstances":null,"maxInstances":null,"ingressSettings":null,"concurrency":null,"serviceAccountEmail":null,"vpc":null,"platform":"gcfv2","region":["us-central1"],"secretEnvironmentVariables":[{"key":"ADMIN_PRIVATE_KEY"},{"key":"ADMIN_CLIENT_EMAIL"}],"labels":{},"httpsTrigger":{},"entryPoint":"skomidora"}},"specVersion":"v1alpha1","requiredAPIs":[],"extensions":{},"params":[{"type":"secret","name":"ADMIN_PRIVATE_KEY"},{"type":"secret","name":"ADMIN_CLIENT_EMAIL"}]}
[info] i  extensions: ensuring required API firebaseextensions.googleapis.com is enabled... 
[debug] [2025-11-21T00:36:10.143Z] > command requires scopes: ["email","openid","https://www.googleapis.com/auth/cloudplatformprojects.readonly","https://www.googleapis.com/auth/firebase","https://www.googleapis.com/auth/cloud-platform","https://www.googleapis.com/auth/userinfo.email"]
[debug] [2025-11-21T00:36:10.143Z] > authorizing via signed-in user (valxmachi@gmail.com)
[debug] [2025-11-21T00:36:10.143Z] [iam] checking project styleai-footwear for permissions ["firebase.projects.get","firebaseextensions.instances.list"]
[debug] [2025-11-21T00:36:10.144Z] Checked if tokens are valid: true, expires at: 1763688962627
[debug] [2025-11-21T00:36:10.144Z] Checked if tokens are valid: true, expires at: 1763688962627
[debug] [2025-11-21T00:36:10.144Z] >>> [apiv2][query] POST https://cloudresourcemanager.googleapis.com/v1/projects/styleai-footwear:testIamPermissions [none]
[debug] [2025-11-21T00:36:10.146Z] >>> [apiv2][(partial)header] POST https://cloudresourcemanager.googleapis.com/v1/projects/styleai-footwear:testIamPermissions x-goog-quota-user=projects/styleai-footwear
[debug] [2025-11-21T00:36:10.146Z] >>> [apiv2][body] POST https://cloudresourcemanager.googleapis.com/v1/projects/styleai-footwear:testIamPermissions {"permissions":["firebase.projects.get","firebaseextensions.instances.list"]}
[debug] [2025-11-21T00:36:10.192Z] <<< [apiv2][status] POST https://cloudresourcemanager.googleapis.com/v1/projects/styleai-footwear:testIamPermissions 200
[debug] [2025-11-21T00:36:10.192Z] <<< [apiv2][body] POST https://cloudresourcemanager.googleapis.com/v1/projects/styleai-footwear:testIamPermissions {"permissions":["firebase.projects.get","firebaseextensions.instances.list"]}
[debug] [2025-11-21T00:36:10.192Z] Checked if tokens are valid: true, expires at: 1763688962627
[debug] [2025-11-21T00:36:10.193Z] Checked if tokens are valid: true, expires at: 1763688962627
[debug] [2025-11-21T00:36:10.193Z] >>> [apiv2][query] GET https://firebaseextensions.googleapis.com/v1beta/projects/styleai-footwear/instances pageSize=100&pageToken=
[debug] [2025-11-21T00:36:10.295Z] <<< [apiv2][status] GET https://firebaseextensions.googleapis.com/v1beta/projects/styleai-footwear/instances 200
[debug] [2025-11-21T00:36:10.295Z] <<< [apiv2][body] GET https://firebaseextensions.googleapis.com/v1beta/projects/styleai-footwear/instances {}
[debug] [2025-11-21T00:36:10.298Z] Checked if tokens are valid: true, expires at: 1763688962627
[debug] [2025-11-21T00:36:10.298Z] Checked if tokens are valid: true, expires at: 1763688962627
[debug] [2025-11-21T00:36:10.298Z] >>> [apiv2][query] GET https://secretmanager.googleapis.com/v1/projects/styleai-footwear/secrets/ADMIN_PRIVATE_KEY [none]
[debug] [2025-11-21T00:36:10.340Z] <<< [apiv2][status] GET https://secretmanager.googleapis.com/v1/projects/styleai-footwear/secrets/ADMIN_PRIVATE_KEY 200
[debug] [2025-11-21T00:36:10.341Z] <<< [apiv2][body] GET https://secretmanager.googleapis.com/v1/projects/styleai-footwear/secrets/ADMIN_PRIVATE_KEY {"name":"projects/855662411333/secrets/ADMIN_PRIVATE_KEY","replication":{"automatic":{}},"createTime":"2025-10-09T16:10:31.783948Z","labels":{"firebase-managed":"apphosting"},"etag":"\"1640bc0a5b3678\""}
[debug] [2025-11-21T00:36:10.341Z] Checked if tokens are valid: true, expires at: 1763688962627
[debug] [2025-11-21T00:36:10.341Z] Checked if tokens are valid: true, expires at: 1763688962627
[debug] [2025-11-21T00:36:10.342Z] >>> [apiv2][query] GET https://secretmanager.googleapis.com/v1/projects/styleai-footwear/secrets/ADMIN_PRIVATE_KEY/versions/latest [none]
[debug] [2025-11-21T00:36:10.377Z] <<< [apiv2][status] GET https://secretmanager.googleapis.com/v1/projects/styleai-footwear/secrets/ADMIN_PRIVATE_KEY/versions/latest 200
[debug] [2025-11-21T00:36:10.377Z] <<< [apiv2][body] GET https://secretmanager.googleapis.com/v1/projects/styleai-footwear/secrets/ADMIN_PRIVATE_KEY/versions/latest {"name":"projects/855662411333/secrets/ADMIN_PRIVATE_KEY/versions/5","createTime":"2025-11-20T21:06:19.080951Z","state":"ENABLED","replicationStatus":{"automatic":{}},"etag":"\"16440d117f44f7\"","clientSpecifiedPayloadChecksum":true}
[debug] [2025-11-21T00:36:10.378Z] Checked if tokens are valid: true, expires at: 1763688962627
[debug] [2025-11-21T00:36:10.378Z] Checked if tokens are valid: true, expires at: 1763688962627
[debug] [2025-11-21T00:36:10.378Z] >>> [apiv2][query] GET https://secretmanager.googleapis.com/v1/projects/styleai-footwear/secrets/ADMIN_CLIENT_EMAIL [none]
[debug] [2025-11-21T00:36:10.413Z] <<< [apiv2][status] GET https://secretmanager.googleapis.com/v1/projects/styleai-footwear/secrets/ADMIN_CLIENT_EMAIL 200
[debug] [2025-11-21T00:36:10.413Z] <<< [apiv2][body] GET https://secretmanager.googleapis.com/v1/projects/styleai-footwear/secrets/ADMIN_CLIENT_EMAIL {"name":"projects/855662411333/secrets/ADMIN_CLIENT_EMAIL","replication":{"automatic":{}},"createTime":"2025-11-15T14:25:23.805978Z","labels":{"firebase-managed":"functions"},"etag":"\"1643a2e27f6238\""}
[debug] [2025-11-21T00:36:10.413Z] Checked if tokens are valid: true, expires at: 1763688962627
[debug] [2025-11-21T00:36:10.413Z] Checked if tokens are valid: true, expires at: 1763688962627
[debug] [2025-11-21T00:36:10.414Z] >>> [apiv2][query] GET https://secretmanager.googleapis.com/v1/projects/styleai-footwear/secrets/ADMIN_CLIENT_EMAIL/versions/latest [none]
[debug] [2025-11-21T00:36:10.447Z] <<< [apiv2][status] GET https://secretmanager.googleapis.com/v1/projects/styleai-footwear/secrets/ADMIN_CLIENT_EMAIL/versions/latest 200
[debug] [2025-11-21T00:36:10.447Z] <<< [apiv2][body] GET https://secretmanager.googleapis.com/v1/projects/styleai-footwear/secrets/ADMIN_CLIENT_EMAIL/versions/latest {"name":"projects/855662411333/secrets/ADMIN_CLIENT_EMAIL/versions/3","createTime":"2025-11-16T02:57:00.595802Z","state":"ENABLED","replicationStatus":{"automatic":{}},"etag":"\"1643ad62766e5a\""}
[info] i  functions: preparing functions directory for uploading... 
[info] i  functions: packaged /home/user/skomidora-aiot/functions (79.41 KB) for uploading 
[debug] [2025-11-21T00:36:10.527Z] Checked if tokens are valid: true, expires at: 1763688962627
[debug] [2025-11-21T00:36:10.527Z] Checked if tokens are valid: true, expires at: 1763688962627
[debug] [2025-11-21T00:36:10.527Z] >>> [apiv2][query] GET https://cloudfunctions.googleapis.com/v1/projects/styleai-footwear/locations/-/functions [none]
[debug] [2025-11-21T00:36:10.900Z] <<< [apiv2][status] GET https://cloudfunctions.googleapis.com/v1/projects/styleai-footwear/locations/-/functions 200
[debug] [2025-11-21T00:36:10.900Z] <<< [apiv2][body] GET https://cloudfunctions.googleapis.com/v1/projects/styleai-footwear/locations/-/functions {}
[debug] [2025-11-21T00:36:10.901Z] Checked if tokens are valid: true, expires at: 1763688962627
[debug] [2025-11-21T00:36:10.901Z] Checked if tokens are valid: true, expires at: 1763688962627
[debug] [2025-11-21T00:36:10.901Z] >>> [apiv2][query] GET https://cloudfunctions.googleapis.com/v2/projects/styleai-footwear/locations/-/functions filter=environment%3D%22GEN_2%22
[debug] [2025-11-21T00:36:11.244Z] <<< [apiv2][status] GET https://cloudfunctions.googleapis.com/v2/projects/styleai-footwear/locations/-/functions 200
[debug] [2025-11-21T00:36:11.244Z] <<< [apiv2][body] GET https://cloudfunctions.googleapis.com/v2/projects/styleai-footwear/locations/-/functions {"functions":[{"name":"projects/styleai-footwear/locations/us-central1/functions/ssrstyleaifootwear","buildConfig":{"build":"projects/855662411333/locations/us-central1/builds/25337be1-e242-4d55-96a0-b0682cd9bfc3","runtime":"nodejs20","entryPoint":"ssrstyleaifootwear","source":{"storageSource":{"bucket":"gcf-v2-sources-855662411333-us-central1","object":"ssrstyleaifootwear/function-source.zip","generation":"1760621429455316"}},"environmentVariables":{"GOOGLE_NODE_RUN_SCRIPTS":""},"dockerRepository":"projects/styleai-footwear/locations/us-central1/repositories/gcf-artifacts","sourceProvenance":{"resolvedStorageSource":{"bucket":"gcf-v2-sources-855662411333-us-central1","object":"ssrstyleaifootwear/function-source.zip","generation":"1760621429455316"}},"dockerRegistry":"ARTIFACT_REGISTRY","serviceAccount":"projects/styleai-footwear/serviceAccounts/855662411333-compute@developer.gserviceaccount.com","automaticUpdatePolicy":{}},"state":"UNKNOWN","updateTime":"2025-11-06T03:38:23.710114296Z","labels":{"deployment-tool":"cli-firebase--project-idx","firebase-functions-codebase":"firebase-frameworks-styleai-footwear","firebase-functions-hash":"f9df46e651b2153a4f0e6e96e885c768da814c9a"},"stateMessages":[{"severity":"ERROR","type":"CloudRunServiceNotFound","message":"Cloud Run service projects/styleai-footwear/locations/us-central1/services/ssrstyleaifootwear for the function was not found. The function will not work correctly. Please redeploy."}],"environment":"GEN_2","url":"https://us-central1-styleai-footwear.cloudfunctions.net/ssrstyleaifootwear","createTime":"2025-08-27T05:59:44.412029415Z","satisfiesPzi":true},{"name":"projects/styleai-footwear/locations/us-central1/functions/skomidora","buildConfig":{"build":"projects/855662411333/locations/us-central1/builds/4e1428df-19e5-441d-bdf3-d85f1d757c86","runtime":"nodejs20","entryPoint":"skomidora","source":{"storageSource":{"bucket":"gcf-v2-sources-855662411333-us-central1","object":"skomidora/function-source.zip","generation":"1763679182687615"}},"environmentVariables":{"GOOGLE_NODE_RUN_SCRIPTS":""},"dockerRepository":"projects/styleai-footwear/locations/us-central1/repositories/gcf-artifacts","sourceProvenance":{"resolvedStorageSource":{"bucket":"gcf-v2-sources-855662411333-us-central1","object":"skomidora/function-source.zip","generation":"1763679182687615"}},"dockerRegistry":"ARTIFACT_REGISTRY","serviceAccount":"projects/styleai-footwear/serviceAccounts/855662411333-compute@developer.gserviceaccount.com","automaticUpdatePolicy":{}},"serviceConfig":{"service":"projects/styleai-footwear/locations/us-central1/services/skomidora","timeoutSeconds":60,"environmentVariables":{"FIREBASE_CONFIG":"{\"projectId\":\"styleai-footwear\",\"databaseURL\":\"https://styleai-footwear-default-rtdb.firebaseio.com\",\"storageBucket\":\"styleai-footwear.firebasestorage.app\"}","GCLOUD_PROJECT":"styleai-footwear","EVENTARC_CLOUD_EVENT_SOURCE":"projects/styleai-footwear/locations/us-central1/services/skomidora","FUNCTION_TARGET":"skomidora","LOG_EXECUTION_ID":"true"},"ingressSettings":"ALLOW_ALL","uri":"https://skomidora-5nrqvsl5vq-uc.a.run.app","serviceAccountEmail":"855662411333-compute@developer.gserviceaccount.com","availableMemory":"256Mi","allTrafficOnLatestRevision":true,"secretEnvironmentVariables":[{"key":"ADMIN_PRIVATE_KEY","projectId":"styleai-footwear","secret":"ADMIN_PRIVATE_KEY","version":"5"},{"key":"ADMIN_CLIENT_EMAIL","projectId":"styleai-footwear","secret":"ADMIN_CLIENT_EMAIL","version":"3"}],"revision":"skomidora-00014-kul","maxInstanceRequestConcurrency":80,"availableCpu":"1"},"state":"ACTIVE","updateTime":"2025-11-20T22:54:04.744760944Z","labels":{"deployment-tool":"cli-firebase--project-idx","firebase-functions-hash":"5e1ee92252488dd463a10fff2589dd8ee7d6b497"},"environment":"GEN_2","url":"https://us-central1-styleai-footwear.cloudfunctions.net/skomidora","createTime":"2025-10-29T22:18:59.174114597Z","satisfiesPzi":true}]}
[info] i  functions: ensuring required API run.googleapis.com is enabled... 
[info] i  functions: ensuring required API eventarc.googleapis.com is enabled... 
[info] i  functions: ensuring required API pubsub.googleapis.com is enabled... 
[info] i  functions: ensuring required API storage.googleapis.com is enabled... 
[info] i  functions: generating the service identity for pubsub.googleapis.com... 
[debug] [2025-11-21T00:36:11.251Z] Checked if tokens are valid: true, expires at: 1763688962627
[debug] [2025-11-21T00:36:11.251Z] Checked if tokens are valid: true, expires at: 1763688962627
[info] i  functions: generating the service identity for eventarc.googleapis.com... 
[debug] [2025-11-21T00:36:11.251Z] Checked if tokens are valid: true, expires at: 1763688962627
[debug] [2025-11-21T00:36:11.251Z] Checked if tokens are valid: true, expires at: 1763688962627
[debug] [2025-11-21T00:36:11.251Z] >>> [apiv2][query] POST https://serviceusage.googleapis.com/v1beta1/projects/855662411333/services/pubsub.googleapis.com:generateServiceIdentity [none]
[debug] [2025-11-21T00:36:11.251Z] >>> [apiv2][(partial)header] POST https://serviceusage.googleapis.com/v1beta1/projects/855662411333/services/pubsub.googleapis.com:generateServiceIdentity x-goog-quota-user=projects/855662411333
[debug] [2025-11-21T00:36:11.251Z] >>> [apiv2][body] POST https://serviceusage.googleapis.com/v1beta1/projects/855662411333/services/pubsub.googleapis.com:generateServiceIdentity {}
[debug] [2025-11-21T00:36:11.253Z] >>> [apiv2][query] POST https://serviceusage.googleapis.com/v1beta1/projects/855662411333/services/eventarc.googleapis.com:generateServiceIdentity [none]
[debug] [2025-11-21T00:36:11.253Z] >>> [apiv2][(partial)header] POST https://serviceusage.googleapis.com/v1beta1/projects/855662411333/services/eventarc.googleapis.com:generateServiceIdentity x-goog-quota-user=projects/855662411333
[debug] [2025-11-21T00:36:11.253Z] >>> [apiv2][body] POST https://serviceusage.googleapis.com/v1beta1/projects/855662411333/services/eventarc.googleapis.com:generateServiceIdentity {}
[debug] [2025-11-21T00:36:11.430Z] <<< [apiv2][status] POST https://serviceusage.googleapis.com/v1beta1/projects/855662411333/services/eventarc.googleapis.com:generateServiceIdentity 200
[debug] [2025-11-21T00:36:11.430Z] <<< [apiv2][body] POST https://serviceusage.googleapis.com/v1beta1/projects/855662411333/services/eventarc.googleapis.com:generateServiceIdentity {"name":"operations/finished.DONE_OPERATION","done":true,"response":{"@type":"type.googleapis.com/google.api.serviceusage.v1beta1.ServiceIdentity","email":"service-855662411333@gcp-sa-eventarc.iam.gserviceaccount.com","uniqueId":"110264152753330061287"}}
[debug] [2025-11-21T00:36:11.473Z] <<< [apiv2][status] POST https://serviceusage.googleapis.com/v1beta1/projects/855662411333/services/pubsub.googleapis.com:generateServiceIdentity 200
[debug] [2025-11-21T00:36:11.473Z] <<< [apiv2][body] POST https://serviceusage.googleapis.com/v1beta1/projects/855662411333/services/pubsub.googleapis.com:generateServiceIdentity {"name":"operations/finished.DONE_OPERATION","done":true,"response":{"@type":"type.googleapis.com/google.api.serviceusage.v1beta1.ServiceIdentity","email":"service-855662411333@gcp-sa-pubsub.iam.gserviceaccount.com","uniqueId":"112295023021369149239"}}
[info] i  functions: ensuring required API secretmanager.googleapis.com is enabled... 
[debug] [2025-11-21T00:36:11.476Z] Checked if tokens are valid: true, expires at: 1763688962627
[debug] [2025-11-21T00:36:11.476Z] Checked if tokens are valid: true, expires at: 1763688962627
[debug] [2025-11-21T00:36:11.476Z] Checked if tokens are valid: true, expires at: 1763688962627
[debug] [2025-11-21T00:36:11.476Z] Checked if tokens are valid: true, expires at: 1763688962627
[debug] [2025-11-21T00:36:11.476Z] >>> [apiv2][query] GET https://secretmanager.googleapis.com/v1/projects/styleai-footwear/secrets/ADMIN_PRIVATE_KEY/versions/latest [none]
[debug] [2025-11-21T00:36:11.477Z] >>> [apiv2][query] GET https://secretmanager.googleapis.com/v1/projects/styleai-footwear/secrets/ADMIN_CLIENT_EMAIL/versions/latest [none]
[debug] [2025-11-21T00:36:11.508Z] <<< [apiv2][status] GET https://secretmanager.googleapis.com/v1/projects/styleai-footwear/secrets/ADMIN_PRIVATE_KEY/versions/latest 200
[debug] [2025-11-21T00:36:11.508Z] <<< [apiv2][body] GET https://secretmanager.googleapis.com/v1/projects/styleai-footwear/secrets/ADMIN_PRIVATE_KEY/versions/latest {"name":"projects/855662411333/secrets/ADMIN_PRIVATE_KEY/versions/5","createTime":"2025-11-20T21:06:19.080951Z","state":"ENABLED","replicationStatus":{"automatic":{}},"etag":"\"16440d117f44f7\"","clientSpecifiedPayloadChecksum":true}
[debug] [2025-11-21T00:36:11.508Z] Resolved secret version of ADMIN_PRIVATE_KEY to 5.
[debug] [2025-11-21T00:36:11.537Z] <<< [apiv2][status] GET https://secretmanager.googleapis.com/v1/projects/styleai-footwear/secrets/ADMIN_CLIENT_EMAIL/versions/latest 200
[debug] [2025-11-21T00:36:11.537Z] <<< [apiv2][body] GET https://secretmanager.googleapis.com/v1/projects/styleai-footwear/secrets/ADMIN_CLIENT_EMAIL/versions/latest {"name":"projects/855662411333/secrets/ADMIN_CLIENT_EMAIL/versions/3","createTime":"2025-11-16T02:57:00.595802Z","state":"ENABLED","replicationStatus":{"automatic":{}},"etag":"\"1643ad62766e5a\""}
[debug] [2025-11-21T00:36:11.537Z] Resolved secret version of ADMIN_CLIENT_EMAIL to 3.
[debug] [2025-11-21T00:36:11.538Z] Checked if tokens are valid: true, expires at: 1763688962627
[debug] [2025-11-21T00:36:11.539Z] Checked if tokens are valid: true, expires at: 1763688962627
[debug] [2025-11-21T00:36:11.539Z] >>> [apiv2][query] GET https://cloudresourcemanager.googleapis.com/v1/projects/styleai-footwear [none]
[debug] [2025-11-21T00:36:11.581Z] <<< [apiv2][status] GET https://cloudresourcemanager.googleapis.com/v1/projects/styleai-footwear 200
[debug] [2025-11-21T00:36:11.581Z] <<< [apiv2][body] GET https://cloudresourcemanager.googleapis.com/v1/projects/styleai-footwear {"projectNumber":"855662411333","projectId":"styleai-footwear","lifecycleState":"ACTIVE","name":"StyleAI Footwear","labels":{"monospace-workspace-id":"studio-01102118","firebase":"enabled","firebase-core":"disabled"},"createTime":"2025-05-13T04:55:59.077570Z"}
[debug] [2025-11-21T00:36:11.582Z] Checked if tokens are valid: true, expires at: 1763688962627
[debug] [2025-11-21T00:36:11.582Z] Checked if tokens are valid: true, expires at: 1763688962627
[debug] [2025-11-21T00:36:11.582Z] >>> [apiv2][query] GET https://compute.googleapis.com/compute/v1/projects/855662411333 [none]
[debug] [2025-11-21T00:36:11.817Z] <<< [apiv2][status] GET https://compute.googleapis.com/compute/v1/projects/855662411333 200
[debug] [2025-11-21T00:36:11.818Z] <<< [apiv2][body] GET https://compute.googleapis.com/compute/v1/projects/855662411333 {"kind":"compute#project","id":"221627363583464054","creationTimestamp":"2025-06-12T21:44:09.525-07:00","name":"styleai-footwear","commonInstanceMetadata":{"kind":"compute#metadata","fingerprint":"Z1I-z3b2I6w="},"quotas":[{"metric":"SNAPSHOTS","limit":1000,"usage":0},{"metric":"NETWORKS","limit":5,"usage":1},{"metric":"FIREWALLS","limit":100,"usage":4},{"metric":"IMAGES","limit":100,"usage":0},{"metric":"STATIC_ADDRESSES","limit":8,"usage":0},{"metric":"ROUTES","limit":200,"usage":0},{"metric":"FORWARDING_RULES","limit":15,"usage":0},{"metric":"TARGET_POOLS","limit":50,"usage":0},{"metric":"HEALTH_CHECKS","limit":75,"usage":0},{"metric":"IN_USE_ADDRESSES","limit":8,"usage":0},{"metric":"TARGET_INSTANCES","limit":50,"usage":0},{"metric":"TARGET_HTTP_PROXIES","limit":10,"usage":0},{"metric":"URL_MAPS","limit":10,"usage":0},{"metric":"BACKEND_SERVICES","limit":50,"usage":0},{"metric":"INSTANCE_TEMPLATES","limit":100,"usage":0},{"metric":"TARGET_VPN_GATEWAYS","limit":5,"usage":0},{"metric":"VPN_TUNNELS","limit":10,"usage":0},{"metric":"BACKEND_BUCKETS","limit":3,"usage":0},{"metric":"ROUTERS","limit":10,"usage":0},{"metric":"TARGET_SSL_PROXIES","limit":10,"usage":0},{"metric":"TARGET_HTTPS_PROXIES","limit":10,"usage":0},{"metric":"SSL_CERTIFICATES","limit":10,"usage":0},{"metric":"SUBNETWORKS","limit":100,"usage":0},{"metric":"TARGET_TCP_PROXIES","limit":10,"usage":0},{"metric":"CPUS_ALL_REGIONS","limit":32,"usage":0},{"metric":"SECURITY_POLICIES","limit":10,"usage":0},{"metric":"SECURITY_POLICY_RULES","limit":100,"usage":0},{"metric":"XPN_SERVICE_PROJECTS","limit":1000,"usage":0},{"metric":"PACKET_MIRRORINGS","limit":20,"usage":0},{"metric":"NETWORK_ENDPOINT_GROUPS","limit":100,"usage":0},{"metric":"INTERCONNECTS","limit":6,"usage":0},{"metric":"SSL_POLICIES","limit":10,"usage":0},{"metric":"GLOBAL_INTERNAL_ADDRESSES","limit":5000,"usage":0},{"metric":"VPN_GATEWAYS","limit":5,"usage":0},{"metric":"MACHINE_IMAGES","limit":100,"usage":0},{"metric":"SECURITY_POLICY_CEVAL_RULES","limit":20,"usage":0},{"metric":"GPUS_ALL_REGIONS","limit":0,"usage":0},{"metric":"EXTERNAL_VPN_GATEWAYS","limit":5,"usage":0},{"metric":"PUBLIC_ADVERTISED_PREFIXES","limit":1,"usage":0},{"metric":"PUBLIC_DELEGATED_PREFIXES","limit":10,"usage":0},{"metric":"STATIC_BYOIP_ADDRESSES","limit":128,"usage":0},{"metric":"NETWORK_FIREWALL_POLICIES","limit":10,"usage":0},{"metric":"INTERNAL_TRAFFIC_DIRECTOR_FORWARDING_RULES","limit":15,"usage":0},{"metric":"GLOBAL_EXTERNAL_MANAGED_FORWARDING_RULES","limit":15,"usage":0},{"metric":"GLOBAL_INTERNAL_MANAGED_BACKEND_SERVICES","limit":50,"usage":0},{"metric":"GLOBAL_EXTERNAL_MANAGED_BACKEND_SERVICES","limit":50,"usage":0},{"metric":"GLOBAL_EXTERNAL_PROXY_LB_BACKEND_SERVICES","limit":50,"usage":0},{"metric":"GLOBAL_INTERNAL_TRAFFIC_DIRECTOR_BACKEND_SERVICES","limit":250,"usage":0}],"selfLink":"https://www.googleapis.com/compute/v1/projects/styleai-footwear","defaultServiceAccount":"855662411333-compute@developer.gserviceaccount.com","xpnProjectStatus":"UNSPECIFIED_XPN_PROJECT_STATUS","defaultNetworkTier":"PREMIUM","vmDnsSetting":"ZONAL_ONLY","cloudArmorTier":"CA_STANDARD"}
[debug] [2025-11-21T00:36:11.821Z] Checked if tokens are valid: true, expires at: 1763688962627
[debug] [2025-11-21T00:36:11.822Z] Checked if tokens are valid: true, expires at: 1763688962627
[debug] [2025-11-21T00:36:11.822Z] >>> [apiv2][query] POST https://firebasehosting.googleapis.com/v1beta1/projects/-/sites/sk-styleai-footwear-us-cen1/versions [none]
[debug] [2025-11-21T00:36:11.822Z] >>> [apiv2][body] POST https://firebasehosting.googleapis.com/v1beta1/projects/-/sites/sk-styleai-footwear-us-cen1/versions {"status":"CREATED","labels":{"deployment-tool":"cli-firebase--project-idx"}}
[debug] [2025-11-21T00:36:12.253Z] <<< [apiv2][status] POST https://firebasehosting.googleapis.com/v1beta1/projects/-/sites/sk-styleai-footwear-us-cen1/versions 200
[debug] [2025-11-21T00:36:12.254Z] <<< [apiv2][body] POST https://firebasehosting.googleapis.com/v1beta1/projects/-/sites/sk-styleai-footwear-us-cen1/versions {"name":"projects/855662411333/sites/sk-styleai-footwear-us-cen1/versions/53853623fc8add1d","status":"CREATED","config":{},"labels":{"deployment-tool":"cli-firebase--project-idx"}}
[debug] [2025-11-21T00:36:12.255Z] Checked if tokens are valid: true, expires at: 1763688962627
[debug] [2025-11-21T00:36:12.256Z] Checked if tokens are valid: true, expires at: 1763688962627
[debug] [2025-11-21T00:36:12.256Z] >>> [apiv2][query] POST https://iam.googleapis.com/v1/projects/styleai-footwear/serviceAccounts/firebase-app-hosting-compute@styleai-footwear.iam.gserviceaccount.com:testIamPermissions [none]
[debug] [2025-11-21T00:36:12.256Z] >>> [apiv2][(partial)header] POST https://iam.googleapis.com/v1/projects/styleai-footwear/serviceAccounts/firebase-app-hosting-compute@styleai-footwear.iam.gserviceaccount.com:testIamPermissions x-goog-quota-user=projects/styleai-footwear
[debug] [2025-11-21T00:36:12.256Z] >>> [apiv2][body] POST https://iam.googleapis.com/v1/projects/styleai-footwear/serviceAccounts/firebase-app-hosting-compute@styleai-footwear.iam.gserviceaccount.com:testIamPermissions {"permissions":["iam.serviceAccounts.actAs"]}
[debug] [2025-11-21T00:36:12.313Z] <<< [apiv2][status] POST https://iam.googleapis.com/v1/projects/styleai-footwear/serviceAccounts/firebase-app-hosting-compute@styleai-footwear.iam.gserviceaccount.com:testIamPermissions 200
[debug] [2025-11-21T00:36:12.313Z] <<< [apiv2][body] POST https://iam.googleapis.com/v1/projects/styleai-footwear/serviceAccounts/firebase-app-hosting-compute@styleai-footwear.iam.gserviceaccount.com:testIamPermissions {"permissions":["iam.serviceAccounts.actAs"]}
[debug] [2025-11-21T00:36:12.313Z] Checked if tokens are valid: true, expires at: 1763688962627
[debug] [2025-11-21T00:36:12.314Z] Checked if tokens are valid: true, expires at: 1763688962627
[debug] [2025-11-21T00:36:12.314Z] >>> [apiv2][query] POST https://iam.googleapis.com/v1/projects/styleai-footwear/serviceAccounts [none]
[debug] [2025-11-21T00:36:12.314Z] >>> [apiv2][body] POST https://iam.googleapis.com/v1/projects/styleai-footwear/serviceAccounts {"accountId":"firebase-app-hosting-compute","serviceAccount":{"displayName":"Firebase App Hosting compute service account","description":"Default service account used to run builds and deploys for Firebase App Hosting"}}
[debug] [2025-11-21T00:36:12.580Z] <<< [apiv2][status] POST https://iam.googleapis.com/v1/projects/styleai-footwear/serviceAccounts 409
[debug] [2025-11-21T00:36:12.580Z] <<< [apiv2][body] POST https://iam.googleapis.com/v1/projects/styleai-footwear/serviceAccounts [omitted]
[debug] [2025-11-21T00:36:12.581Z] Checked if tokens are valid: true, expires at: 1763688962627
[debug] [2025-11-21T00:36:12.581Z] Checked if tokens are valid: true, expires at: 1763688962627
[debug] [2025-11-21T00:36:12.581Z] >>> [apiv2][query] POST https://cloudresourcemanager.googleapis.com/v1/projects/styleai-footwear:getIamPolicy [none]
[debug] [2025-11-21T00:36:12.746Z] <<< [apiv2][status] POST https://cloudresourcemanager.googleapis.com/v1/projects/styleai-footwear:getIamPolicy 200
[debug] [2025-11-21T00:36:12.752Z] <<< [apiv2][body] POST https://cloudresourcemanager.googleapis.com/v1/projects/styleai-footwear:getIamPolicy {"version":1,"etag":"BwZED+2O7hM=","bindings":[{"role":"roles/appengine.serviceAgent","members":["serviceAccount:service-855662411333@gcp-gae-service.iam.gserviceaccount.com"]},{"role":"roles/artifactregistry.serviceAgent","members":["serviceAccount:service-855662411333@gcp-sa-artifactregistry.iam.gserviceaccount.com"]},{"role":"roles/artifactregistry.writer","members":["user:ValXMachi@gmail.com"]},{"role":"roles/artifactregistry.writer_withcond_eed012da138d9e1c89d8","members":["user:ValXMachi@gmail.com"]},{"role":"roles/artifactregistry.writer_withcond_7c68feb5ece9525ea326","members":["user:ValXMachi@gmail.com"]},{"role":"roles/cloudaicompanion.serviceAgent","members":["serviceAccount:service-855662411333@gcp-sa-cloudaicompanion.iam.gserviceaccount.com"]},{"role":"roles/cloudbuild.builds.builder","members":["serviceAccount:855662411333@cloudbuild.gserviceaccount.com"]},{"role":"roles/cloudbuild.builds.builder_withcond_7c68feb5ece9525ea326","members":["serviceAccount:firebase-app-hosting-compute@styleai-footwear.iam.gserviceaccount.com"]},{"role":"roles/cloudbuild.serviceAgent","members":["serviceAccount:service-855662411333@gcp-sa-cloudbuild.iam.gserviceaccount.com"]},{"role":"roles/cloudfunctions.admin","members":["serviceAccount:firebase-adminsdk-fbsvc@styleai-footwear.iam.gserviceaccount.com"]},{"role":"roles/cloudfunctions.serviceAgent","members":["serviceAccount:service-855662411333@gcf-admin-robot.iam.gserviceaccount.com"]},{"role":"roles/composer.serviceAgent","members":["serviceAccount:service-855662411333@cloudcomposer-accounts.iam.gserviceaccount.com"]},{"role":"roles/compute.serviceAgent","members":["serviceAccount:service-855662411333@compute-system.iam.gserviceaccount.com"]},{"role":"roles/container.serviceAgent","members":["serviceAccount:service-855662411333@container-engine-robot.iam.gserviceaccount.com"]},{"role":"roles/containeranalysis.ServiceAgent","members":["serviceAccount:service-855662411333@container-analysis.iam.gserviceaccount.com"]},{"role":"roles/containerregistry.ServiceAgent","members":["serviceAccount:service-855662411333@containerregistry.iam.gserviceaccount.com"]},{"role":"roles/containerscanning.ServiceAgent","members":["serviceAccount:service-855662411333@gcp-sa-containerscanning.iam.gserviceaccount.com"]},{"role":"roles/datastore.user","members":["serviceAccount:airflow-firestore-writer@styleai-footwear.iam.gserviceaccount.com"]},{"role":"roles/developerconnect.readTokenAccessor","members":["serviceAccount:firebase-app-hosting-compute@styleai-footwear.iam.gserviceaccount.com"]},{"role":"roles/developerconnect.serviceAgent","members":["serviceAccount:service-855662411333@gcp-sa-devconnect.iam.gserviceaccount.com"]},{"role":"roles/editor","members":["serviceAccount:855662411333-compute@developer.gserviceaccount.com","serviceAccount:855662411333@cloudservices.gserviceaccount.com","serviceAccount:styleai-footwear@appspot.gserviceaccount.com"]},{"role":"roles/firebase.managementServiceAgent","members":["serviceAccount:service-855662411333@gcp-sa-firebase.iam.gserviceaccount.com"]},{"role":"roles/firebase.sdkAdminServiceAgent","members":["serviceAccount:firebase-adminsdk-fbsvc@styleai-footwear.iam.gserviceaccount.com","serviceAccount:firebase-app-hosting-compute@styleai-footwear.iam.gserviceaccount.com"]},{"role":"roles/firebaseappcheck.admin","members":["serviceAccount:firebase-adminsdk-fbsvc@styleai-footwear.iam.gserviceaccount.com"]},{"role":"roles/firebaseapphosting.computeRunner","members":["serviceAccount:firebase-app-hosting-compute@styleai-footwear.iam.gserviceaccount.com"]},{"role":"roles/firebaseapphosting.serviceAgent","members":["serviceAccount:service-855662411333@gcp-sa-firebaseapphosting.iam.gserviceaccount.com"]},{"role":"roles/firebasedatabase.admin","members":["serviceAccount:firebase-adminsdk-fbsvc@styleai-footwear.iam.gserviceaccount.com"]},{"role":"roles/firebaseml.serviceAgent","members":["serviceAccount:service-855662411333@gcp-sa-firebasevertexai.iam.gserviceaccount.com"]},{"role":"roles/firebasemods.serviceAgent","members":["serviceAccount:service-855662411333@gcp-sa-firebasemods.iam.gserviceaccount.com"]},{"role":"roles/firebaserules.system","members":["serviceAccount:service-855662411333@firebase-rules.iam.gserviceaccount.com"]},{"role":"roles/firebasestorage.serviceAgent","members":["serviceAccount:service-855662411333@gcp-sa-firebasestorage.iam.gserviceaccount.com"]},{"role":"roles/firestore.serviceAgent","members":["serviceAccount:service-855662411333@gcp-sa-firestore.iam.gserviceaccount.com"]},{"role":"roles/iam.serviceAccountTokenCreator","members":["serviceAccount:firebase-adminsdk-fbsvc@styleai-footwear.iam.gserviceaccount.com"]},{"role":"roles/iam.serviceAccountUser_withcond_eed012da138d9e1c89d8","members":["serviceAccount:service-855662411333@compute-system.iam.gserviceaccount.com"]},{"role":"roles/iam.serviceAccountUser_withcond_7c68feb5ece9525ea326","members":["serviceAccount:service-855662411333@compute-system.iam.gserviceaccount.com"]},{"role":"roles/owner","members":["user:ValXMachi@gmail.com"]},{"role":"roles/run.serviceAgent","members":["serviceAccount:service-855662411333@serverless-robot-prod.iam.gserviceaccount.com"]},{"role":"roles/secretmanager.admin_withcond_80582715fd9d121e1d5e","members":["serviceAccount:service-855662411333@gcp-sa-devconnect.iam.gserviceaccount.com"]},{"role":"roles/storage.admin","members":["serviceAccount:firebase-adminsdk-fbsvc@styleai-footwear.iam.gserviceaccount.com","serviceAccount:firebase-app-hosting-compute@styleai-footwear.iam.gserviceaccount.com"]},{"role":"roles/storage.objectViewer","members":["serviceAccount:firebase-app-hosting-compute@styleai-footwear.iam.gserviceaccount.com"]},{"role":"roles/storageinsights.serviceAgent","members":["serviceAccount:service-855662411333@gcp-sa-storageinsights.iam.gserviceaccount.com"]}]}
[debug] [2025-11-21T00:36:12.752Z] Checked if tokens are valid: true, expires at: 1763688962627
[debug] [2025-11-21T00:36:12.753Z] Checked if tokens are valid: true, expires at: 1763688962627
[debug] [2025-11-21T00:36:12.753Z] >>> [apiv2][query] POST https://cloudresourcemanager.googleapis.com/v1/projects/styleai-footwear:setIamPolicy [none]
[debug] [2025-11-21T00:36:12.753Z] >>> [apiv2][body] POST https://cloudresourcemanager.googleapis.com/v1/projects/styleai-footwear:setIamPolicy {"policy":{"version":1,"etag":"BwZED+2O7hM=","bindings":[{"role":"roles/appengine.serviceAgent","members":["serviceAccount:service-855662411333@gcp-gae-service.iam.gserviceaccount.com"]},{"role":"roles/artifactregistry.serviceAgent","members":["serviceAccount:service-855662411333@gcp-sa-artifactregistry.iam.gserviceaccount.com"]},{"role":"roles/artifactregistry.writer","members":["user:ValXMachi@gmail.com"]},{"role":"roles/artifactregistry.writer_withcond_eed012da138d9e1c89d8","members":["user:ValXMachi@gmail.com"]},{"role":"roles/artifactregistry.writer_withcond_7c68feb5ece9525ea326","members":["user:ValXMachi@gmail.com"]},{"role":"roles/cloudaicompanion.serviceAgent","members":["serviceAccount:service-855662411333@gcp-sa-cloudaicompanion.iam.gserviceaccount.com"]},{"role":"roles/cloudbuild.builds.builder","members":["serviceAccount:855662411333@cloudbuild.gserviceaccount.com"]},{"role":"roles/cloudbuild.builds.builder_withcond_7c68feb5ece9525ea326","members":["serviceAccount:firebase-app-hosting-compute@styleai-footwear.iam.gserviceaccount.com"]},{"role":"roles/cloudbuild.serviceAgent","members":["serviceAccount:service-855662411333@gcp-sa-cloudbuild.iam.gserviceaccount.com"]},{"role":"roles/cloudfunctions.admin","members":["serviceAccount:firebase-adminsdk-fbsvc@styleai-footwear.iam.gserviceaccount.com"]},{"role":"roles/cloudfunctions.serviceAgent","members":["serviceAccount:service-855662411333@gcf-admin-robot.iam.gserviceaccount.com"]},{"role":"roles/composer.serviceAgent","members":["serviceAccount:service-855662411333@cloudcomposer-accounts.iam.gserviceaccount.com"]},{"role":"roles/compute.serviceAgent","members":["serviceAccount:service-855662411333@compute-system.iam.gserviceaccount.com"]},{"role":"roles/container.serviceAgent","members":["serviceAccount:service-855662411333@container-engine-robot.iam.gserviceaccount.com"]},{"role":"roles/containeranalysis.ServiceAgent","members":["serviceAccount:service-855662411333@container-analysis.iam.gserviceaccount.com"]},{"role":"roles/containerregistry.ServiceAgent","members":["serviceAccount:service-855662411333@containerregistry.iam.gserviceaccount.com"]},{"role":"roles/containerscanning.ServiceAgent","members":["serviceAccount:service-855662411333@gcp-sa-containerscanning.iam.gserviceaccount.com"]},{"role":"roles/datastore.user","members":["serviceAccount:airflow-firestore-writer@styleai-footwear.iam.gserviceaccount.com"]},{"role":"roles/developerconnect.readTokenAccessor","members":["serviceAccount:firebase-app-hosting-compute@styleai-footwear.iam.gserviceaccount.com"]},{"role":"roles/developerconnect.serviceAgent","members":["serviceAccount:service-855662411333@gcp-sa-devconnect.iam.gserviceaccount.com"]},{"role":"roles/editor","members":["serviceAccount:855662411333-compute@developer.gserviceaccount.com","serviceAccount:855662411333@cloudservices.gserviceaccount.com","serviceAccount:styleai-footwear@appspot.gserviceaccount.com"]},{"role":"roles/firebase.managementServiceAgent","members":["serviceAccount:service-855662411333@gcp-sa-firebase.iam.gserviceaccount.com"]},{"role":"roles/firebase.sdkAdminServiceAgent","members":["serviceAccount:firebase-adminsdk-fbsvc@styleai-footwear.iam.gserviceaccount.com","serviceAccount:firebase-app-hosting-compute@styleai-footwear.iam.gserviceaccount.com"]},{"role":"roles/firebaseappcheck.admin","members":["serviceAccount:firebase-adminsdk-fbsvc@styleai-footwear.iam.gserviceaccount.com"]},{"role":"roles/firebaseapphosting.computeRunner","members":["serviceAccount:firebase-app-hosting-compute@styleai-footwear.iam.gserviceaccount.com"]},{"role":"roles/firebaseapphosting.serviceAgent","members":["serviceAccount:service-855662411333@gcp-sa-firebaseapphosting.iam.gserviceaccount.com"]},{"role":"roles/firebasedatabase.admin","members":["serviceAccount:firebase-adminsdk-fbsvc@styleai-footwear.iam.gserviceaccount.com"]},{"role":"roles/firebaseml.serviceAgent","members":["serviceAccount:service-855662411333@gcp-sa-firebasevertexai.iam.gserviceaccount.com"]},{"role":"roles/firebasemods.serviceAgent","members":["serviceAccount:service-855662411333@gcp-sa-firebasemods.iam.gserviceaccount.com"]},{"role":"roles/firebaserules.system","members":["serviceAccount:service-855662411333@firebase-rules.iam.gserviceaccount.com"]},{"role":"roles/firebasestorage.serviceAgent","members":["serviceAccount:service-855662411333@gcp-sa-firebasestorage.iam.gserviceaccount.com"]},{"role":"roles/firestore.serviceAgent","members":["serviceAccount:service-855662411333@gcp-sa-firestore.iam.gserviceaccount.com"]},{"role":"roles/iam.serviceAccountTokenCreator","members":["serviceAccount:firebase-adminsdk-fbsvc@styleai-footwear.iam.gserviceaccount.com"]},{"role":"roles/iam.serviceAccountUser_withcond_eed012da138d9e1c89d8","members":["serviceAccount:service-855662411333@compute-system.iam.gserviceaccount.com"]},{"role":"roles/iam.serviceAccountUser_withcond_7c68feb5ece9525ea326","members":["serviceAccount:service-855662411333@compute-system.iam.gserviceaccount.com"]},{"role":"roles/owner","members":["user:ValXMachi@gmail.com"]},{"role":"roles/run.serviceAgent","members":["serviceAccount:service-855662411333@serverless-robot-prod.iam.gserviceaccount.com"]},{"role":"roles/secretmanager.admin_withcond_80582715fd9d121e1d5e","members":["serviceAccount:service-855662411333@gcp-sa-devconnect.iam.gserviceaccount.com"]},{"role":"roles/storage.admin","members":["serviceAccount:firebase-adminsdk-fbsvc@styleai-footwear.iam.gserviceaccount.com","serviceAccount:firebase-app-hosting-compute@styleai-footwear.iam.gserviceaccount.com"]},{"role":"roles/storage.objectViewer","members":["serviceAccount:firebase-app-hosting-compute@styleai-footwear.iam.gserviceaccount.com"]},{"role":"roles/storageinsights.serviceAgent","members":["serviceAccount:service-855662411333@gcp-sa-storageinsights.iam.gserviceaccount.com"]}]},"updateMask":"bindings"}
[debug] [2025-11-21T00:36:13.538Z] <<< [apiv2][status] POST https://cloudresourcemanager.googleapis.com/v1/projects/styleai-footwear:setIamPolicy 200
[debug] [2025-11-21T00:36:13.538Z] <<< [apiv2][body] POST https://cloudresourcemanager.googleapis.com/v1/projects/styleai-footwear:setIamPolicy {"version":1,"etag":"BwZEEAAvL8k=","bindings":[{"role":"roles/appengine.serviceAgent","members":["serviceAccount:service-855662411333@gcp-gae-service.iam.gserviceaccount.com"]},{"role":"roles/artifactregistry.serviceAgent","members":["serviceAccount:service-855662411333@gcp-sa-artifactregistry.iam.gserviceaccount.com"]},{"role":"roles/artifactregistry.writer","members":["user:ValXMachi@gmail.com"]},{"role":"roles/artifactregistry.writer_withcond_eed012da138d9e1c89d8","members":["user:ValXMachi@gmail.com"]},{"role":"roles/artifactregistry.writer_withcond_7c68feb5ece9525ea326","members":["user:ValXMachi@gmail.com"]},{"role":"roles/cloudaicompanion.serviceAgent","members":["serviceAccount:service-855662411333@gcp-sa-cloudaicompanion.iam.gserviceaccount.com"]},{"role":"roles/cloudbuild.builds.builder","members":["serviceAccount:855662411333@cloudbuild.gserviceaccount.com"]},{"role":"roles/cloudbuild.builds.builder_withcond_7c68feb5ece9525ea326","members":["serviceAccount:firebase-app-hosting-compute@styleai-footwear.iam.gserviceaccount.com"]},{"role":"roles/cloudbuild.serviceAgent","members":["serviceAccount:service-855662411333@gcp-sa-cloudbuild.iam.gserviceaccount.com"]},{"role":"roles/cloudfunctions.admin","members":["serviceAccount:firebase-adminsdk-fbsvc@styleai-footwear.iam.gserviceaccount.com"]},{"role":"roles/cloudfunctions.serviceAgent","members":["serviceAccount:service-855662411333@gcf-admin-robot.iam.gserviceaccount.com"]},{"role":"roles/composer.serviceAgent","members":["serviceAccount:service-855662411333@cloudcomposer-accounts.iam.gserviceaccount.com"]},{"role":"roles/compute.serviceAgent","members":["serviceAccount:service-855662411333@compute-system.iam.gserviceaccount.com"]},{"role":"roles/container.serviceAgent","members":["serviceAccount:service-855662411333@container-engine-robot.iam.gserviceaccount.com"]},{"role":"roles/containeranalysis.ServiceAgent","members":["serviceAccount:service-855662411333@container-analysis.iam.gserviceaccount.com"]},{"role":"roles/containerregistry.ServiceAgent","members":["serviceAccount:service-855662411333@containerregistry.iam.gserviceaccount.com"]},{"role":"roles/containerscanning.ServiceAgent","members":["serviceAccount:service-855662411333@gcp-sa-containerscanning.iam.gserviceaccount.com"]},{"role":"roles/datastore.user","members":["serviceAccount:airflow-firestore-writer@styleai-footwear.iam.gserviceaccount.com"]},{"role":"roles/developerconnect.readTokenAccessor","members":["serviceAccount:firebase-app-hosting-compute@styleai-footwear.iam.gserviceaccount.com"]},{"role":"roles/developerconnect.serviceAgent","members":["serviceAccount:service-855662411333@gcp-sa-devconnect.iam.gserviceaccount.com"]},{"role":"roles/editor","members":["serviceAccount:855662411333-compute@developer.gserviceaccount.com","serviceAccount:855662411333@cloudservices.gserviceaccount.com","serviceAccount:styleai-footwear@appspot.gserviceaccount.com"]},{"role":"roles/firebase.managementServiceAgent","members":["serviceAccount:service-855662411333@gcp-sa-firebase.iam.gserviceaccount.com"]},{"role":"roles/firebase.sdkAdminServiceAgent","members":["serviceAccount:firebase-adminsdk-fbsvc@styleai-footwear.iam.gserviceaccount.com","serviceAccount:firebase-app-hosting-compute@styleai-footwear.iam.gserviceaccount.com"]},{"role":"roles/firebaseappcheck.admin","members":["serviceAccount:firebase-adminsdk-fbsvc@styleai-footwear.iam.gserviceaccount.com"]},{"role":"roles/firebaseapphosting.computeRunner","members":["serviceAccount:firebase-app-hosting-compute@styleai-footwear.iam.gserviceaccount.com"]},{"role":"roles/firebaseapphosting.serviceAgent","members":["serviceAccount:service-855662411333@gcp-sa-firebaseapphosting.iam.gserviceaccount.com"]},{"role":"roles/firebasedatabase.admin","members":["serviceAccount:firebase-adminsdk-fbsvc@styleai-footwear.iam.gserviceaccount.com"]},{"role":"roles/firebaseml.serviceAgent","members":["serviceAccount:service-855662411333@gcp-sa-firebasevertexai.iam.gserviceaccount.com"]},{"role":"roles/firebasemods.serviceAgent","members":["serviceAccount:service-855662411333@gcp-sa-firebasemods.iam.gserviceaccount.com"]},{"role":"roles/firebaserules.system","members":["serviceAccount:service-855662411333@firebase-rules.iam.gserviceaccount.com"]},{"role":"roles/firebasestorage.serviceAgent","members":["serviceAccount:service-855662411333@gcp-sa-firebasestorage.iam.gserviceaccount.com"]},{"role":"roles/firestore.serviceAgent","members":["serviceAccount:service-855662411333@gcp-sa-firestore.iam.gserviceaccount.com"]},{"role":"roles/iam.serviceAccountTokenCreator","members":["serviceAccount:firebase-adminsdk-fbsvc@styleai-footwear.iam.gserviceaccount.com"]},{"role":"roles/iam.serviceAccountUser_withcond_eed012da138d9e1c89d8","members":["serviceAccount:service-855662411333@compute-system.iam.gserviceaccount.com"]},{"role":"roles/iam.serviceAccountUser_withcond_7c68feb5ece9525ea326","members":["serviceAccount:service-855662411333@compute-system.iam.gserviceaccount.com"]},{"role":"roles/owner","members":["user:ValXMachi@gmail.com"]},{"role":"roles/run.serviceAgent","members":["serviceAccount:service-855662411333@serverless-robot-prod.iam.gserviceaccount.com"]},{"role":"roles/secretmanager.admin_withcond_80582715fd9d121e1d5e","members":["serviceAccount:service-855662411333@gcp-sa-devconnect.iam.gserviceaccount.com"]},{"role":"roles/storage.admin","members":["serviceAccount:firebase-adminsdk-fbsvc@styleai-footwear.iam.gserviceaccount.com","serviceAccount:firebase-app-hosting-compute@styleai-footwear.iam.gserviceaccount.com"]},{"role":"roles/storage.objectViewer","members":["serviceAccount:firebase-app-hosting-compute@styleai-footwear.iam.gserviceaccount.com"]},{"role":"roles/storageinsights.serviceAgent","members":["serviceAccount:service-855662411333@gcp-sa-storageinsights.iam.gserviceaccount.com"]}]}
[debug] [2025-11-21T00:36:13.539Z] Checked if tokens are valid: true, expires at: 1763688962627
[debug] [2025-11-21T00:36:13.539Z] Checked if tokens are valid: true, expires at: 1763688962627
[debug] [2025-11-21T00:36:13.539Z] >>> [apiv2][query] GET https://firebaseapphosting.googleapis.com/v1beta/projects/styleai-footwear/locations/-/backends 
[debug] [2025-11-21T00:36:13.817Z] <<< [apiv2][status] GET https://firebaseapphosting.googleapis.com/v1beta/projects/styleai-footwear/locations/-/backends 200
[debug] [2025-11-21T00:36:13.817Z] <<< [apiv2][body] GET https://firebaseapphosting.googleapis.com/v1beta/projects/styleai-footwear/locations/-/backends {"backends":[{"name":"projects/styleai-footwear/locations/us-central1/backends/sk-styleai-footwear-us-cen1","createTime":"2025-05-23T17:41:57.328834877Z","updateTime":"2025-11-21T00:35:12.213488Z","uri":"sk-styleai-footwear-us-cen1--styleai-footwear.us-central1.hosted.app","managedResources":[{"runService":{"service":"projects/855662411333/locations/us-central1/services/sk-styleai-footwear-us-cen1"}}],"codebase":{"repository":"projects/styleai-footwear/locations/us-central1/connections/apphosting-github-conn-emrndpz/gitRepositoryLinks/Valmach-SkoMiDora-AI-Fashion-Advisor","rootDirectory":"Valmach/SkoMiDora-AIoT-Fashion-Advisor/tree/main"},"uid":"3704dbd3-3448-466b-be17-25642d85ded6","etag":"KFxn1JqYvEr35ByTARktXSp_xnDxAgBG7zLH7m5O56Q","reconciling":false,"servingLocality":"GLOBAL_ACCESS","serviceAccount":"firebase-app-hosting-compute@styleai-footwear.iam.gserviceaccount.com","appId":"1:855662411333:web:657cc6c36c9df53450ed2c"},{"name":"projects/styleai-footwear/locations/us-central1/backends/studio","createTime":"2025-11-13T16:14:28.469938072Z","updateTime":"2025-11-13T16:14:28.890960Z","uri":"studio--styleai-footwear.us-central1.hosted.app","displayName":"Studio","uid":"067a14ab-afa4-4067-9391-39345c3a35b9","etag":"zcy3EyYZ-2DoUzNX-y39LG2UW9BFlkDTrWMvl9jkBiY","reconciling":false,"servingLocality":"GLOBAL_ACCESS","serviceAccount":"firebase-app-hosting-compute@styleai-footwear.iam.gserviceaccount.com","appId":"1:855662411333:web:568ed8c5925da1bc50ed2c"}]}
[info] i  apphosting: Found backend(s) sk-styleai-footwear-us-cen1 
[debug] [2025-11-21T00:36:13.818Z] Checked if tokens are valid: true, expires at: 1763688962627
[debug] [2025-11-21T00:36:13.818Z] Checked if tokens are valid: true, expires at: 1763688962627
[debug] [2025-11-21T00:36:13.818Z] >>> [apiv2][query] GET https://developerconnect.googleapis.com/v1/projects/styleai-footwear/locations/us-central1/connections/apphosting-github-conn-emrndpz/gitRepositoryLinks/Valmach-SkoMiDora-AI-Fashion-Advisor [none]
[debug] [2025-11-21T00:36:13.883Z] <<< [apiv2][status] GET https://developerconnect.googleapis.com/v1/projects/styleai-footwear/locations/us-central1/connections/apphosting-github-conn-emrndpz/gitRepositoryLinks/Valmach-SkoMiDora-AI-Fashion-Advisor 200
[debug] [2025-11-21T00:36:13.883Z] <<< [apiv2][body] GET https://developerconnect.googleapis.com/v1/projects/styleai-footwear/locations/us-central1/connections/apphosting-github-conn-emrndpz/gitRepositoryLinks/Valmach-SkoMiDora-AI-Fashion-Advisor {"name":"projects/styleai-footwear/locations/us-central1/connections/apphosting-github-conn-emrndpz/gitRepositoryLinks/Valmach-SkoMiDora-AI-Fashion-Advisor","cloneUri":"https://github.com/Valmach/SkoMiDora-AI-Fashion-Advisor.git","createTime":"2025-05-23T17:20:45.669883287Z","updateTime":"2025-11-06T03:38:23.665588063Z"}
[debug] [2025-11-21T00:36:22.441Z] ExitPromptError: User force closed the prompt with SIGINT
    at Interface.sigint (/home/user/.global_modules/lib/node_modules/firebase-tools/node_modules/@inquirer/core/dist/commonjs/lib/create-prompt.js:101:37)
    at Interface.emit (node:events:518:28)
    at Interface.emit (node:domain:489:12)
    at [_ttyWrite] [as _ttyWrite] (node:internal/readline/interface:1125:18)
    at ReadStream.onkeypress (node:internal/readline/interface:264:20)
    at ReadStream.emit (node:events:530:35)
    at ReadStream.emit (node:domain:489:12)
    at emitKeys (node:internal/readline/utils:371:14)
    at emitKeys.next (<anonymous>)
    at ReadStream.onData (node:internal/readline/emitKeypressEvents:64:36)
[error] 
[error] Error: An unexpected error has occurred.
